TIME,FOOD,RAPI,LAI,BG,BG,BG
00:00,NA,NA,NA,7.05,6.86834233,Mean
00:10,NA,NA,NA,7.05,6.86834233,Mean
00:20,NA,NA,NA,7.05,6.86834233,Mean
00:30,NA,NA,NA,7.05,6.86834233,Mean
00:40,NA,NA,NA,7.05,6.86834233,Mean
00:50,NA,NA,NA,7.05,6.86834233,Mean
01:00,NA,NA,NA,7.05,6.86834233,Mean
01:10,NA,NA,NA,7.05,6.86834233,Mean
01:20,NA,NA,NA,7.05,6.86834233,Mean
01:30,NA,NA,NA,7.05,6.86834233,Mean
01:40,NA,NA,NA,7.05,6.86834233,Mean
01:50,NA,NA,NA,7.05,6.86834233,Mean
02:00,NA,NA,NA,7.05,6.86834233,Mean
02:10,NA,NA,NA,7.05,6.86834233,Mean
02:20,NA,NA,NA,7.05,6.86834233,Mean
02:30,NA,NA,NA,7.05,6.86834233,Mean
02:40,NA,NA,NA,7.05,6.86834233,Mean
02:50,NA,NA,NA,7.05,6.86834233,Mean
03:00,NA,NA,NA,7.05,6.86834233,Mean
03:10,NA,NA,NA,7.05,6.86834233,Mean
03:20,NA,NA,NA,7.05,6.86834233,Mean
03:30,NA,NA,NA,7.05,6.86834233,Mean
03:40,NA,NA,NA,7.05,6.86834233,Mean
03:50,NA,NA,NA,7.05,6.86834233,Mean
04:00,NA,NA,NA,7.05,6.86834233,Mean
04:10,NA,NA,NA,7.05,6.86834233,Mean
04:20,NA,NA,NA,7.05,6.86834233,Mean
04:30,NA,NA,NA,7.05,6.86834233,Mean
04:40,NA,NA,NA,7.05,6.86834233,Mean
04:50,NA,NA,NA,7.05,6.86834233,Mean
05:00,NA,NA,NA,7.05,6.86834233,Mean
05:10,NA,NA,NA,7.05,6.86834233,Mean
05:20,NA,NA,NA,7.05,6.86834233,Mean
05:30,NA,NA,NA,7.05,6.86834233,Mean
05:40,NA,NA,NA,7.05,6.86834233,Mean
05:50,NA,NA,NA,7.05,6.86834233,Mean
06:00,NA,NA,NA,7.05,6.86834233,Mean
06:10,NA,NA,NA,7.05,6.86834233,Mean
06:20,NA,NA,NA,7.05,6.86834233,Mean
06:30,NA,NA,NA,7.05,6.86834233,Mean
06:40,NA,NA,NA,7.05,6.86834233,Mean
06:50,NA,NA,NA,7.05,6.86834233,Mean
07:00,NA,NA,NA,7.05,6.86834233,Mean
07:10,NA,NA,NA,7.05,6.86834233,Mean
07:20,NA,NA,NA,7.05,6.86834233,Mean
07:30,NA,NA,NA,7.05,6.86834233,Mean
07:40,NA,NA,NA,7.05,6.86834233,Mean
07:50,NA,NA,NA,7.05,6.86834233,Mean
08:00,NA,NA,NA,7.05,6.86834233,Mean
08:10,NA,NA,NA,7.05,6.86834233,Mean
08:20,NA,NA,NA,7.05,6.86834233,Mean
08:30,NA,NA,NA,7.05,6.86834233,Mean
08:40,NA,NA,NA,7.05,6.86834233,Mean
08:50,NA,NA,NA,7.05,6.86834233,Mean
09:00,NA,NA,NA,7.05,6.86834233,Mean
09:10,NA,NA,NA,7.05,6.86834233,Mean
09:20,NA,NA,NA,7.05,6.86834233,Mean
09:30,NA,NA,NA,7.05,6.86834233,Mean
09:40,NA,NA,NA,7.05,6.86834233,Mean
09:50,NA,NA,NA,7.05,5.79673079,5.79673079
10:00,NA,NA,NA,7.05,6.86834233,Mean
10:10,NA,NA,NA,7.05,6.86834233,Mean
10:20,NA,NA,NA,7.05,6.86834233,Mean
10:30,NA,NA,NA,7.05,6.86834233,Mean
10:40,NA,NA,NA,7.05,6.86834233,Mean
10:50,NA,NA,NA,7.05,6.86834233,Mean
11:00,NA,NA,NA,7.05,6.86834233,Mean
11:10,NA,NA,NA,7.05,6.86834233,Mean
11:20,NA,NA,NA,7.05,6.86834233,Mean
11:30,NA,NA,NA,7.05,6.86834233,Mean
11:40,NA,NA,NA,7.05,6.86834233,Mean
11:50,NA,NA,NA,7.05,6.86834233,Mean
12:00,NA,NA,NA,7.05,6.86834233,Mean
12:10,NA,NA,NA,7.05,6.86834233,Mean
12:20,NA,NA,NA,7.05,6.86834233,Mean
12:30,NA,NA,NA,7.05,6.86834233,Mean
12:40,NA,NA,NA,7.05,6.86834233,Mean
12:50,NA,NA,NA,7.05,6.86834233,Mean
13:00,NA,NA,NA,7.05,6.86834233,Mean
13:10,NA,NA,NA,7.05,6.86834233,Mean
13:20,NA,NA,NA,7.05,6.86834233,Mean
13:30,NA,NA,NA,7.05,6.86834233,Mean
13:40,NA,NA,NA,7.05,6.73799133,6.73799133
13:50,0.1,14,0,7.05,4.79250143,4.79250143
14:00,0.1,0,0,7.05,6.86834233,Mean
14:10,0,0,0,7.05,6.86834233,Mean
14:20,0,0,0,7.05,6.86834233,Mean
14:30,0,0,0,7.05,6.86834233,Mean
14:40,0,0,0,7.05,6.86834233,Mean
14:50,0,0,0,7.05,6.86834233,Mean
15:00,0,0,0,7.05,6.86834233,Mean
15:10,0,0,0,7.05,6.86834233,Mean
15:20,0,0,0,7.05,6.86834233,Mean
15:30,0,0,0,7.05,6.86834233,Mean
15:40,0,0,0,7.05,6.86834233,Mean
15:50,0,0,0,8.3,6.86834233,Mean
16:00,0,0,0,7.05,6.86834233,Mean
16:10,0,0,0,7.05,6.86834233,Mean
16:20,0,0,0,7.05,6.86834233,Mean
16:30,0,0,0,7.05,6.86834233,Mean
16:40,0,0,0,7.05,6.86834233,Mean
16:50,0,0,0,7.05,6.86834233,Mean
17:00,0,0,0,7.05,6.86834233,Mean
17:10,0,0,0,7.05,6.86834233,Mean
17:20,0,0,0,7.05,5.64565328,5.64565328
17:30,0,0,0,7.05,6.86834233,Mean
17:40,0,0,0,7.05,6.86834233,Mean
17:50,0,0,0,7.05,6.86834233,Mean
18:00,0,0,0,7.05,6.86834233,Mean
18:10,0,0,0,7.05,6.86834233,Mean
18:20,0,0,0,7.05,6.86834233,Mean
18:30,0,0,0,7.05,6.86834233,Mean
18:40,0,0,0,7.05,6.86834233,Mean
18:50,0,0,0,7.05,6.86834233,Mean
19:00,0,0,0,7.05,6.86834233,Mean
19:10,0,0,0,7.05,10.94413622,10.94413622
19:20,0,0,0,7.05,6.86834233,Mean
19:30,0,0,0,7.05,4.79250143,4.79250143
19:40,0.1,12,0,7.05,4.79250143,4.79250143
19:50,0.1,0,0,7.05,6.86834233,Mean
20:00,0,0,0,7.05,6.86834233,Mean
20:10,0,0,0,7.05,6.86834233,Mean
20:20,0,0,0,7.05,6.86834233,Mean
20:30,0,0,0,7.05,6.86834233,Mean
20:40,0,0,0,7.05,6.86834233,Mean
20:50,0,0,0,7.05,6.86834233,Mean
21:00,0,0,0,7.05,6.86834233,Mean
21:10,0,0,0,7.05,6.86834233,Mean
21:20,0,0,0,7.05,6.86834233,Mean
21:30,0,0,0,7.05,6.86834233,Mean
21:40,0,0,0,7.05,6.86834233,Mean
21:50,0,0,0,7.05,6.86834233,Mean
22:00,0,0,0,7.05,6.86834233,Mean
22:10,0,0,0,7.05,6.86834233,Mean
22:20,0,0,0,7.05,7.76844512,7.76844512
22:30,0,0,0,7.05,6.86834233,Mean
22:40,0,0,0,5.8,6.86834233,Mean
22:50,0,0,0,7.05,6.86834233,Mean
23:00,0,0,0,7.05,6.86834233,Mean
23:10,0,0,0,7.05,6.86834233,Mean
23:20,0,0,0,7.05,6.86834233,Mean
23:30,0,0,0,7.05,6.86834233,Mean
23:40,0,0,0,7.05,6.86834233,Mean
23:50,0,0,0,7.05,6.86834233,Mean
00:00,0,0,0,6.75,6.86834233,Mean
00:10,0,0,0,6.75,6.86834233,Mean
00:20,0,0,0,6.75,6.86834233,Mean
00:30,0,0,0,6.75,6.86834233,Mean
00:40,0,0,16,6.75,6.86834233,Mean
00:50,0,0,0,6.75,6.86834233,Mean
01:00,0,0,0,6.75,6.86834233,Mean
01:10,0,0,0,6.75,6.86834233,Mean
01:20,0,0,0,6.75,6.86834233,Mean
01:30,0,0,0,6.75,6.86834233,Mean
01:40,0,0,0,6.75,6.86834233,Mean
01:50,0,0,0,6.75,6.86834233,Mean
02:00,0,0,0,6.75,6.86834233,Mean
02:10,0,0,0,6.75,6.86834233,Mean
02:20,0,0,0,6.75,6.86834233,Mean
02:30,0,0,0,6.75,6.86834233,Mean
02:40,0,0,0,6.75,6.86834233,Mean
02:50,0,0,0,6.75,6.86834233,Mean
03:00,0,0,0,6.75,6.86834233,Mean
03:10,0,0,0,6.75,6.86834233,Mean
03:20,0,0,0,6.75,6.86834233,Mean
03:30,0,0,0,6.75,6.86834233,Mean
03:40,0,0,0,6.75,6.86834233,Mean
03:50,0,0,0,6.75,6.86834233,Mean
04:00,0,0,0,6.75,6.86834233,Mean
04:10,0,0,0,6.75,6.86834233,Mean
04:20,0,0,0,6.75,6.86834233,Mean
04:30,0,0,0,6.75,6.86834233,Mean
04:40,0,0,0,6.75,6.86834233,Mean
04:50,0,0,0,6.75,6.86834233,Mean
05:00,0,0,0,6.75,6.86834233,Mean
05:10,0,0,0,6.75,6.86834233,Mean
05:20,0,0,0,6.75,6.86834233,Mean
05:30,0,0,0,6.75,6.86834233,Mean
05:40,0,0,0,6.75,6.86834233,Mean
05:50,0,0,0,6.75,6.86834233,Mean
06:00,0,0,0,6.75,6.86834233,Mean
06:10,0,0,0,6.75,6.86834233,Mean
06:20,0,0,0,6.75,6.86834233,Mean
06:30,0,0,0,6.75,6.86834233,Mean
06:40,0,0,0,6.75,6.86834233,Mean
06:50,0,0,0,6.75,6.86834233,Mean
07:00,0,0,0,6.75,6.86834233,Mean
07:10,0,0,0,6.75,6.86834233,Mean
07:20,0,0,0,6.75,6.86834233,Mean
07:30,0,0,0,6.75,6.86834233,Mean
07:40,0,0,0,6.75,6.86834233,Mean
07:50,0,0,0,6.75,6.86834233,Mean
08:00,0,0,0,6.75,6.86834233,Mean
08:10,0,0,0,6.75,6.86834233,Mean
08:20,0,0,0,6.75,6.86834233,Mean
08:30,0,0,0,4.9,6.86834233,Mean
08:40,0,0,0,6.75,6.86834233,Mean
08:50,0,0,0,6.75,6.86834233,Mean
09:00,0,0,0,6.75,6.86834233,Mean
09:10,0,0,0,6.75,9.13682017,9.13682017
09:20,0,0,0,6.75,4.79250143,4.79250143
09:30,0,0,0,6.75,4.79250143,4.79250143
09:40,0,0,0,6.75,6.86834233,Mean
09:50,0,0,0,6.75,6.86834233,Mean
10:00,0,0,0,6.75,6.86834233,Mean
10:10,0,0,0,6.75,6.86834233,Mean
10:20,0,0,0,6.75,5.64565328,5.64565328
10:30,0.1,0,0,6.75,6.86834233,Mean
10:40,0,0,0,6.75,6.86834233,Mean
10:50,0,0,0,6.75,6.86834233,Mean
11:00,0,0,0,6.75,6.86834233,Mean
11:10,0,0,0,6.75,6.86834233,Mean
11:20,0,0,0,6.75,6.86834233,Mean
11:30,0,0,0,6.75,6.86834233,Mean
11:40,0,0,0,6.75,6.86834233,Mean
11:50,0,0,0,6.75,6.86834233,Mean
12:00,0,0,0,6.75,6.86834233,Mean
12:10,0,0,0,6.75,6.86834233,Mean
12:20,0,0,0,8.6,6.86834233,Mean
12:30,0,0,0,6.75,6.86834233,Mean
12:40,0,0,0,6.75,6.86834233,Mean
12:50,0,0,0,6.75,6.86834233,Mean
13:00,0.1,0,0,6.75,6.86834233,Mean
13:10,0.1,0,0,6.75,6.86834233,Mean
13:20,0,0,0,6.75,6.86834233,Mean
13:30,0,0,0,6.75,6.86834233,Mean
13:40,0,0,0,6.75,6.86834233,Mean
13:50,0,0,0,6.75,7.02308984,7.02308984
14:00,0,0,0,6.75,4.79250143,4.79250143
14:10,0,0,0,6.75,6.86834233,Mean
14:20,0,0,0,6.75,6.86834233,Mean
14:30,0,0,0,6.75,6.86834233,Mean
14:40,0,0,0,6.75,6.86834233,Mean
14:50,0,0,0,6.75,6.86834233,Mean
15:00,0,0,0,6.75,6.86834233,Mean
15:10,0,0,0,6.75,6.86834233,Mean
15:20,0,0,0,6.75,6.86834233,Mean
15:30,0.1,0,0,6.75,6.86834233,Mean
15:40,0.1,0,0,6.75,6.86834233,Mean
15:50,0.1,0,0,6.75,6.86834233,Mean
16:00,0,0,0,6.75,6.86834233,Mean
16:10,0,0,0,6.75,6.86834233,Mean
16:20,0,0,0,6.75,6.86834233,Mean
16:30,0,0,0,6.75,,
16:40,0,0,0,6.75,,
16:50,0,0,0,6.75,,
17:00,0,0,0,6.75,,
17:10,0,0,0,6.75,,
17:20,0,0,0,6.75,,
17:30,0,0,0,6.75,,
17:40,0,0,0,6.75,,
17:50,0,0,0,6.75,,
18:00,0,0,0,6.75,,
18:10,0,0,0,6.75,,
18:20,0,0,0,6.75,,
18:30,0,0,0,6.75,,
18:40,0,0,0,6.75,,
18:50,0,10,0,6.75,,
19:00,0,0,0,6.75,,
19:10,0,0,0,6.75,,
19:20,0,0,0,6.75,,
19:30,0,0,0,6.75,,
19:40,0,0,0,6.75,,
19:50,0.1,0,0,6.75,,
20:00,0.1,0,0,6.75,,
20:10,0,0,0,6.75,,
20:20,0,0,0,6.75,,
20:30,0,0,0,6.75,,
20:40,0,0,0,6.75,,
20:50,0,0,0,6.75,,
21:00,0,0,0,6.75,,
21:10,0,0,0,6.75,,
21:20,0,0,0,6.75,,
21:30,0,0,0,6.75,,
21:40,0,0,0,6.75,,
21:50,0,0,0,6.75,,
22:00,0,0,0,6.75,,
22:10,0,0,0,6.75,,
22:20,0,0,0,6.75,,
22:30,0,0,0,6.75,,
22:40,0,0,0,6.75,,
22:50,0,0,0,6.75,,
23:00,0,0,0,6.75,,
23:10,0,0,0,6.75,,
23:20,0,0,0,6.75,,
23:30,0,0,0,6.75,,
23:40,0,0,0,6.75,,
23:50,0,0,0,6.75,,
00:00,0,0,0,9.67,,
00:10,0,0,0,9.67,,
00:20,0,0,0,9.67,,
00:30,0,0,16,9.67,,
00:40,0,0,0,9.67,,
00:50,0,0,0,9.67,,
01:00,0,0,0,9.67,,
01:10,0,0,0,9.67,,
01:20,0,0,0,9.67,,
01:30,0,0,0,9.67,,
01:40,0,0,0,9.67,,
01:50,0,0,0,9.67,,
02:00,0,0,0,9.67,,
02:10,0,0,0,9.67,,
02:20,0,0,0,9.67,,
02:30,0,0,0,9.67,,
02:40,0,0,0,9.67,,
02:50,0,0,0,9.67,,
03:00,0,0,0,9.67,,
03:10,0,0,0,9.67,,
03:20,0,0,0,9.67,,
03:30,0,0,0,9.67,,
03:40,0,0,0,9.67,,
03:50,0,0,0,9.67,,
04:00,0,0,0,9.67,,
04:10,0,0,0,9.67,,
04:20,0,0,0,9.67,,
04:30,0,0,0,9.67,,
04:40,0,0,0,9.67,,
04:50,0,0,0,9.67,,
05:00,0,0,0,9.67,,
05:10,0,0,0,9.67,,
05:20,0,0,0,9.67,,
05:30,0,0,0,9.67,,
05:40,0,0,0,9.67,,
05:50,0,0,0,9.67,,
06:00,0,0,0,9.67,,
06:10,0,0,0,9.67,,
06:20,0,0,0,9.67,,
06:30,0,0,0,9.67,,
06:40,0,0,0,9.67,,
06:50,0,0,0,9.67,,
07:00,0,0,0,9.67,,
07:10,0,0,0,9.67,,
07:20,0,0,0,9.67,,
07:30,0,0,0,9.67,,
07:40,0,0,0,9.67,,
07:50,0,0,0,9.67,,
08:00,0,0,0,9.67,,
08:10,0,0,0,9.67,,
08:20,0,0,0,9.67,,
08:30,0,0,0,9.67,,
08:40,0,0,0,9.67,,
08:50,0,0,0,9.67,,
09:00,0,0,0,9.67,,
09:10,0,0,0,9.67,,
09:20,0,0,0,7.5,,
09:30,0,0,0,9.67,,
09:40,0,0,0,9.67,,
09:50,0,0,0,9.67,,
10:00,0,0,0,9.67,,
10:10,0,0,0,9.67,,
10:20,0,0,0,9.67,,
10:30,0,0,0,9.67,,
10:40,0,0,0,9.67,,
10:50,0,0,0,9.67,,
11:00,0,0,0,9.67,,
11:10,0,0,0,9.67,,
11:20,0,0,0,9.67,,
11:30,0,0,0,9.67,,
11:40,0,0,0,9.67,,
11:50,0.05,14,0,9.67,,
12:00,0.1,0,0,9.67,,
12:10,0.1,0,0,9.67,,
12:20,0,0,0,9.67,,
12:30,0,0,0,9.67,,
12:40,0,0,0,9.67,,
12:50,0,0,0,9.67,,
13:00,0,0,0,9.67,,
13:10,0,0,0,9.67,,
13:20,0,0,0,9.67,,
13:30,0,0,0,9.67,,
13:40,0,0,0,9.67,,
13:50,0,0,0,9.67,,
14:00,0,0,0,9.67,,
14:10,0,0,0,9.67,,
14:20,0,0,0,11.1,,
14:30,0,0,0,9.67,,
14:40,0,0,0,9.67,,
14:50,0,0,0,9.67,,
15:00,0,0,0,9.67,,
15:10,0,0,0,9.67,,
15:20,0,0,0,9.67,,
15:30,0,0,0,9.67,,
15:40,0,0,0,9.67,,
15:50,0,0,0,9.67,,
16:00,0,0,0,9.67,,
16:10,0,0,0,9.67,,
16:20,0,0,0,9.67,,
16:30,0,0,0,9.67,,
16:40,0,0,0,9.67,,
16:50,0,0,0,9.67,,
17:00,0,0,0,9.67,,
17:10,0,0,0,9.67,,
17:20,0,0,0,9.67,,
17:30,0.1,0,0,9.67,,
17:40,0,0,0,9.67,,
17:50,0,0,0,9.67,,
18:00,0,0,0,9.67,,
18:10,0,0,0,9.67,,
18:20,0,0,0,9.67,,
18:30,0,0,0,9.67,,
18:40,0,0,0,9.67,,
18:50,0,0,0,9.67,,
19:00,0,0,0,9.67,,
19:10,0,0,0,9.67,,
19:20,0,0,0,9.67,,
19:30,0,0,0,9.67,,
19:40,0,15,0,9.67,,
19:50,0.1,0,0,9.67,,
20:00,0.1,0,0,9.67,,
20:10,0,0,0,9.67,,
20:20,0,0,0,9.67,,
20:30,0,0,0,9.67,,
20:40,0,0,0,9.67,,
20:50,0,0,0,9.67,,
21:00,0,0,0,9.67,,
21:10,0,0,0,9.67,,
21:20,0,0,0,9.67,,
21:30,0,0,0,9.67,,
21:40,0,0,0,9.67,,
21:50,0,0,0,9.67,,
22:00,0,0,0,10.4,,
22:10,0,0,0,9.67,,
22:20,0,0,0,9.67,,
22:30,0,0,0,9.67,,
22:40,0,0,0,9.67,,
22:50,0,0,0,9.67,,
23:00,0,0,0,9.67,,
23:10,0,0,0,9.67,,
23:20,0,0,0,9.67,,
23:30,0,0,0,9.67,,
23:40,0,0,0,9.67,,
23:50,0,0,0,9.67,,
00:00,0,0,0,8.95,,
00:10,0,0,0,8.95,,
00:20,0,0,0,8.95,,
00:30,0,0,0,8.95,,
00:40,0,0,0,8.95,,
00:50,0,0,0,8.95,,
01:00,0,0,0,8.95,,
01:10,0,0,0,8.95,,
01:20,0,0,0,8.95,,
01:30,0,0,0,8.95,,
01:40,0,0,0,8.95,,
01:50,0,0,0,8.95,,
02:00,0,0,0,8.95,,
02:10,0,0,0,8.95,,
02:20,0,0,0,8.95,,
02:30,0,0,0,8.95,,
02:40,0,0,0,8.95,,
02:50,0,0,0,8.95,,
03:00,0,0,0,8.95,,
03:10,0,0,0,8.95,,
03:20,0,0,0,8.95,,
03:30,0,0,0,8.95,,
03:40,0,0,0,8.95,,
03:50,0,0,0,8.95,,
04:00,0,0,0,8.95,,
04:10,0,0,0,8.95,,
04:20,0,0,0,8.95,,
04:30,0,0,0,8.95,,
04:40,0,0,0,8.95,,
04:50,0,0,0,8.95,,
05:00,0,0,0,8.95,,
05:10,0,0,0,8.95,,
05:20,0,0,0,8.95,,
05:30,0,0,0,8.95,,
05:40,0,0,0,8.95,,
05:50,0,0,0,8.95,,
06:00,0,0,0,8.95,,
06:10,0,0,0,8.95,,
06:20,0,0,0,8.95,,
06:30,0,0,0,8.95,,
06:40,0,0,0,8.95,,
06:50,0,0,0,8.95,,
07:00,0,0,0,8.95,,
07:10,0,0,0,8.95,,
07:20,0,0,0,8.95,,
07:30,0,0,0,8.95,,
07:40,0,0,0,8.95,,
07:50,0,0,0,8.95,,
08:00,0,0,0,8.95,,
08:10,0,0,0,8.95,,
08:20,0,0,0,8.95,,
08:30,0,0,0,5.8,,
08:40,0,0,0,8.95,,
08:50,0,0,0,8.95,,
09:00,0,0,0,8.95,,
09:10,0,0,0,8.95,,
09:20,0,0,0,8.95,,
09:30,0,0,0,8.95,,
09:40,0,0,0,8.95,,
09:50,0,0,0,8.95,,
10:00,0,0,0,8.95,,
10:10,0,0,0,8.95,,
10:20,0,0,0,8.95,,
10:30,0,0,0,8.95,,
10:40,0,0,0,8.95,,
10:50,0,0,0,8.95,,
11:00,0,0,0,8.95,,
11:10,0,0,0,8.95,,
11:20,0,0,0,8.95,,
11:30,0,0,0,8.95,,
11:40,0,0,0,8.95,,
11:50,0,0,0,8.95,,
12:00,0.1,10,0,8.95,,
12:10,0.1,0,0,8.95,,
12:20,0,0,0,8.95,,
12:30,0,0,0,8.95,,
12:40,0,0,0,8.95,,
12:50,0,0,0,8.95,,
13:00,0,0,0,8.95,,
13:10,0,0,0,8.95,,
13:20,0,0,0,8.95,,
13:30,0,0,0,8.95,,
13:40,0,0,0,8.95,,
13:50,0,0,0,8.95,,
14:00,0,0,0,8.95,,
14:10,0,0,0,12.1,,
14:20,0,0,0,8.95,,
14:30,0,0,0,8.95,,
14:40,0,0,0,8.95,,
14:50,0,0,0,8.95,,
15:00,0,0,0,8.95,,
15:10,0,0,0,8.95,,
15:20,0,0,0,8.95,,
15:30,0,0,0,8.95,,
15:40,0,0,0,8.95,,
15:50,0,0,0,8.95,,
16:00,0,0,0,8.95,,
16:10,0,0,0,8.95,,
16:20,0,0,0,8.95,,
16:30,0,0,0,8.95,,
16:40,0,0,0,8.95,,
16:50,0,0,0,8.95,,
17:00,0,0,0,8.95,,
17:10,0,0,0,8.95,,
17:20,0,0,0,8.95,,
17:30,0,0,0,8.95,,
17:40,0,0,0,8.95,,
17:50,0,0,0,8.95,,
18:00,0,0,0,8.95,,
18:10,0,0,0,8.95,,
18:20,0,0,0,8.95,,
18:30,0,0,0,8.95,,
18:40,0,0,0,8.95,,
18:50,0,0,0,8.95,,
19:00,0,0,0,8.95,,
19:10,0,0,0,8.95,,
19:20,0,0,0,8.95,,
19:30,0,0,0,8.95,,
19:40,0,0,0,8.95,,
19:50,0,0,0,8.95,,
20:00,0,0,0,8.95,,
20:10,0,0,0,8.95,,
20:20,0,0,0,8.95,,
20:30,0.2,0,0,8.95,,
20:40,0.2,0,0,8.95,,
20:50,0,0,0,8.95,,
21:00,0,0,0,8.95,,
21:10,0,0,0,8.95,,
21:20,0,0,0,8.95,,
21:30,0,0,0,8.95,,
21:40,0,16,0,8.95,,
21:50,0,0,0,8.95,,
22:00,0,0,0,8.95,,
22:10,0,0,0,8.95,,
22:20,0,0,0,8.95,,
22:30,0,0,0,8.95,,
22:40,0,0,0,8.95,,
22:50,0,0,0,8.95,,
23:00,0,0,0,8.95,,
23:10,0,0,0,8.95,,
23:20,0,0,0,8.95,,
23:30,0,0,0,8.95,,
23:40,0,0,0,8.95,,
23:50,0,0,0,8.95,,
00:00,0,0,0,8.38,,
00:10,0,0,0,8.38,,
00:20,0,0,0,8.38,,
00:30,0,0,0,8.38,,
00:40,0,0,0,8.38,,
00:50,0,0,0,8.38,,
01:00,0,0,0,8.38,,
01:10,0,0,0,8.38,,
01:20,0,0,16,8.38,,
01:30,0,0,0,8.38,,
01:40,0,0,0,8.38,,
01:50,0,0,0,8.38,,
02:00,0,0,0,8.38,,
02:10,0,0,0,8.38,,
02:20,0,0,0,8.38,,
02:30,0,0,0,8.38,,
02:40,0,0,0,8.38,,
02:50,0,0,0,8.38,,
03:00,0,0,0,8.38,,
03:10,0,0,0,8.38,,
03:20,0,0,0,8.38,,
03:30,0,0,0,8.38,,
03:40,0,0,0,8.38,,
03:50,0,0,0,8.38,,
04:00,0,0,0,8.38,,
04:10,0,0,0,8.38,,
04:20,0,0,0,8.38,,
04:30,0,0,0,8.38,,
04:40,0,0,0,8.38,,
04:50,0,0,0,8.38,,
05:00,0,0,0,8.38,,
05:10,0,0,0,8.38,,
05:20,0,0,0,8.38,,
05:30,0,0,0,8.38,,
05:40,0,0,0,8.38,,
05:50,0,0,0,8.38,,
06:00,0,0,0,8.38,,
06:10,0,0,0,8.38,,
06:20,0,0,0,8.38,,
06:30,0,0,0,8.38,,
06:40,0,0,0,8.38,,
06:50,0,0,0,8.38,,
07:00,0,0,0,8.38,,
07:10,0,0,0,8.38,,
07:20,0,0,0,8.38,,
07:30,0,0,0,8.38,,
07:40,0,0,0,8.38,,
07:50,0,0,0,8.38,,
08:00,0,0,0,8.38,,
08:10,0,0,0,8.38,,
08:20,0,0,0,8.38,,
08:30,0,0,0,8.38,,
08:40,0,0,0,8.38,,
08:50,0,0,0,8.38,,
09:00,0,0,0,8.38,,
09:10,0,0,0,8.38,,
09:20,0,0,0,8.38,,
09:30,0,0,0,8.38,,
09:40,0,0,0,8.38,,
09:50,0,0,0,8.38,,
10:00,0,0,0,8.38,,
10:10,0,4,0,9.9,,
10:20,0,0,0,8.38,,
10:30,0,0,0,8.38,,
10:40,0,0,0,8.38,,
10:50,0,0,0,8.38,,
11:00,0,0,0,8.38,,
11:10,0,0,0,8.38,,
11:20,0,0,0,8.38,,
11:30,0,0,0,8.38,,
11:40,0,0,0,8.38,,
11:50,0,0,0,8.38,,
12:00,0,0,0,8.38,,
12:10,0,0,0,8.38,,
12:20,0,0,0,8.38,,
12:30,0,0,0,8.38,,
12:40,0,0,0,8.38,,
12:50,0,0,0,8.38,,
13:00,0,0,0,8.38,,
13:10,0,0,0,8.38,,
13:20,0,0,0,8.38,,
13:30,0,0,0,8.38,,
13:40,0,13,0,8.7,,
13:50,0,0,0,8.38,,
14:00,0.1,0,0,8.38,,
14:10,0.1,0,0,8.38,,
14:20,0,0,0,8.38,,
14:30,0,0,0,8.38,,
14:40,0,0,0,8.38,,
14:50,0,0,0,8.38,,
15:00,0,0,0,8.38,,
15:10,0,0,0,8.38,,
15:20,0,0,0,8.38,,
15:30,0,0,0,8.38,,
15:40,0,0,0,8.38,,
15:50,0,0,0,8.38,,
16:00,0,0,0,8.38,,
16:10,0,0,0,8.38,,
16:20,0,0,0,8.38,,
16:30,0,0,0,8.38,,
16:40,0,0,0,8.38,,
16:50,0,0,0,8.38,,
17:00,0,0,0,8.38,,
17:10,0,0,0,8.38,,
17:20,0,0,0,8.38,,
17:30,0,0,0,8.38,,
17:40,0,0,0,8.38,,
17:50,0,0,0,8.38,,
18:00,0,0,0,7.2,,
18:10,0,0,0,8.38,,
18:20,0,0,0,8.38,,
18:30,0,0,0,8.38,,
18:40,0,0,0,8.38,,
18:50,0,0,0,8.38,,
19:00,0,0,0,8.38,,
19:10,0,0,0,8.38,,
19:20,0,0,0,8.38,,
19:30,0,0,0,8.38,,
19:40,0,0,0,8.38,,
19:50,0.1,14,0,8.38,,
20:00,0.1,0,0,8.38,,
20:10,0,0,0,8.38,,
20:20,0,0,0,8.38,,
20:30,0,0,0,8.38,,
20:40,0,0,0,8.38,,
20:50,0,0,0,8.38,,
21:00,0,0,0,8.38,,
21:10,0,0,0,8.38,,
21:20,0,0,0,8.38,,
21:30,0,0,0,8.38,,
21:40,0,0,0,8.38,,
21:50,0,0,0,8.38,,
22:00,0,0,0,8.38,,
22:10,0,0,0,8.38,,
22:20,0,0,0,8.38,,
22:30,0,0,0,8.38,,
22:40,0,0,0,7.7,,
22:50,0,0,0,8.38,,
23:00,0,0,0,8.38,,
23:10,0,0,0,8.38,,
23:20,0,0,0,8.38,,
23:30,0,0,0,8.38,,
23:40,0,0,0,8.38,,
23:50,0,0,0,8.38,,
00:00,0,0,0,9,,
00:10,0,0,0,9,,
00:20,0,0,0,9,,
00:30,0,0,0,9,,
00:40,0,0,0,9,,
00:50,0,0,0,9,,
01:00,0,0,0,9,,
01:10,0,0,0,9,,
01:20,0,0,0,9,,
01:30,0,0,0,9,,
01:40,0,0,0,9,,
01:50,0,0,0,9,,
02:00,0,0,0,9,,
02:10,0,0,0,9,,
02:20,0,0,0,9,,
02:30,0,0,0,9,,
02:40,0,0,0,9,,
02:50,0,0,0,9,,
03:00,0,0,0,9,,
03:10,0,0,0,9,,
03:20,0,0,0,9,,
03:30,0,0,0,9,,
03:40,0,0,0,9,,
03:50,0,0,0,9,,
04:00,0,0,0,9,,
04:10,0,0,0,9,,
04:20,0,0,0,9,,
04:30,0,0,0,9,,
04:40,0,0,0,9,,
04:50,0,0,0,9,,
05:00,0,0,0,9,,
05:10,0,0,0,9,,
05:20,0,0,0,9,,
05:30,0,0,0,9,,
05:40,0,0,0,9,,
05:50,0,0,0,9,,
06:00,0,0,0,9,,
06:10,0,0,0,9,,
06:20,0,0,0,9,,
06:30,0,0,0,9,,
06:40,0,0,0,9,,
06:50,0,0,0,9,,
07:00,0,0,0,9,,
07:10,0,0,0,9,,
07:20,0,0,0,9,,
07:30,0,0,0,9,,
07:40,0,0,0,9,,
07:50,0,0,0,9,,
08:00,0,0,0,9,,
08:10,0,0,0,9,,
08:20,0,0,0,9,,
08:30,0,0,0,9,,
08:40,0,0,0,9,,
08:50,0,0,0,9,,
09:00,0,0,0,9,,
09:10,0,0,0,9,,
09:20,0,0,0,9,,
09:30,0,0,0,9,,
09:40,0,0,0,9,,
09:50,0,0,0,9,,
10:00,0,0,0,9,,
10:10,0.1,8,0,7.2,,
10:20,0,0,0,9,,
10:30,0,0,0,9,,
10:40,0,0,0,9,,
10:50,0,0,0,9,,
11:00,0,0,0,9,,
11:10,0,0,0,9,,
11:20,0,0,0,9,,
11:30,0,0,0,9,,
11:40,0,0,0,9,,
11:50,0,0,0,9,,
12:00,0,0,0,9,,
12:10,0,0,0,9,,
12:20,0,0,0,9,,
12:30,0,0,0,9,,
12:40,0,0,0,9,,
12:50,0,0,0,9,,
13:00,0,0,0,9,,
13:10,0,0,0,9,,
13:20,0.1,0,0,9,,
13:30,0.1,0,0,9,,
13:40,0,0,0,9,,
13:50,0,0,0,9,,
14:00,0,0,0,9,,
14:10,0,0,0,9,,
14:20,0,0,0,9,,
14:30,0.1,0,0,9,,
14:40,0,0,0,9,,
14:50,0,0,0,9,,
15:00,0,0,0,9,,
15:10,0,0,0,9,,
15:20,0,0,0,9,,
15:30,0,0,0,9,,
15:40,0,0,0,9,,
15:50,0,0,0,9,,
16:00,0,0,0,9,,
16:10,0,0,0,9,,
16:20,0,0,0,9,,
16:30,0.1,0,0,9,,
16:40,0.1,0,0,9,,
16:50,0,0,0,9,,
17:00,0,0,0,9,,
17:10,0,0,0,9,,
17:20,0,0,0,9,,
17:30,0,0,0,9,,
17:40,0,0,0,9,,
17:50,0,0,0,9,,
18:00,0,0,0,9,,
18:10,0,0,0,9,,
18:20,0,0,0,9,,
18:30,0,15,0,9,,
18:40,0,0,0,9,,
18:50,0,0,0,9,,
19:00,0,0,0,9,,
19:10,0,0,0,9,,
19:20,0,0,0,9,,
19:30,0,0,0,9,,
19:40,0,0,0,9,,
19:50,0,0,0,10.8,,
20:00,0.1,0,10,9,,
20:10,0.1,0,0,9,,
20:20,0,0,0,9,,
20:30,0,0,0,9,,
20:40,0,0,0,9,,
20:50,0,0,0,9,,
21:00,0,0,0,9,,
21:10,0,0,0,9,,
21:20,0,0,0,9,,
21:30,0,0,0,9,,
21:40,0,0,0,9,,
21:50,0,0,0,9,,
22:00,0,0,0,9,,
22:10,0,0,0,9,,
22:20,0,0,0,9,,
22:30,0,0,0,9,,
22:40,0,0,0,9,,
22:50,0,0,0,9,,
23:00,0,0,0,9,,
23:10,0,0,0,9,,
23:20,0,0,0,9,,
23:30,0,0,0,9,,
23:40,0,0,0,9,,
23:50,0,0,0,9,,
00:00,0,0,0,8.6,,
00:10,0,5,0,12.3,,
00:20,0,0,0,8.6,,
00:30,0,0,0,8.6,,
00:40,0,0,0,8.6,,
00:50,0,0,0,8.6,,
01:00,0,0,0,8.6,,
01:10,0,0,0,8.6,,
01:20,0,0,0,8.6,,
01:30,0,0,0,8.6,,
01:40,0,0,0,8.6,,
01:50,0,0,0,8.6,,
02:00,0,0,0,8.6,,
02:10,0,0,0,8.6,,
02:20,0,0,0,8.6,,
02:30,0,0,0,8.6,,
02:40,0,0,0,8.6,,
02:50,0,0,0,8.6,,
03:00,0,0,0,8.6,,
03:10,0,0,0,8.6,,
03:20,0,0,0,8.6,,
03:30,0,0,0,8.6,,
03:40,0,0,0,8.6,,
03:50,0,0,0,8.6,,
04:00,0,0,0,8.6,,
04:10,0,0,0,8.6,,
04:20,0,0,0,8.6,,
04:30,0,0,0,8.6,,
04:40,0,0,0,8.6,,
04:50,0,0,0,8.6,,
05:00,0,0,0,8.6,,
05:10,0,0,0,8.6,,
05:20,0,0,0,8.6,,
05:30,0,0,0,8.6,,
05:40,0,0,0,8.6,,
05:50,0,0,0,8.6,,
06:00,0,0,0,8.6,,
06:10,0,0,0,8.6,,
06:20,0,0,0,8.6,,
06:30,0,0,0,8.6,,
06:40,0,0,0,8.6,,
06:50,0,0,0,8.6,,
07:00,0,0,0,8.6,,
07:10,0,0,0,8.6,,
07:20,0,0,0,8.6,,
07:30,0,0,0,8.6,,
07:40,0,0,0,8.6,,
07:50,0,0,0,8.6,,
08:00,0,0,0,8.6,,
08:10,0,0,0,8.6,,
08:20,0,0,0,8.6,,
08:30,0,0,0,8.6,,
08:40,0,0,0,8.6,,
08:50,0,0,0,8.6,,
09:00,0,0,0,8.6,,
09:10,0,0,0,6.5,,
09:20,0,0,0,8.6,,
09:30,0,0,0,8.6,,
09:40,0,0,0,8.6,,
09:50,0,0,0,8.6,,
10:00,0,0,0,8.6,,
10:10,0.1,0,0,8.6,,
10:20,0,0,0,8.6,,
10:30,0,0,0,8.6,,
10:40,0,3,0,8.6,,
10:50,0,0,0,8.6,,
11:00,0,0,0,8.6,,
11:10,0,0,0,8.6,,
11:20,0,0,0,8.6,,
11:30,0,0,0,8.6,,
11:40,0,0,0,8.6,,
11:50,0,0,0,8.6,,
12:00,0,0,0,8.6,,
12:10,0,0,0,8.6,,
12:20,0,0,0,8.6,,
12:30,0,0,0,8.6,,
12:40,0,0,0,8.6,,
12:50,0,0,0,8.6,,
13:00,0,0,0,8.6,,
13:10,0,0,0,6.9,,
13:20,0,0,0,8.6,,
13:30,0,0,0,8.6,,
13:40,0,0,0,8.6,,
13:50,0,0,0,8.6,,
14:00,0.1,12,0,8.6,,
14:10,0.1,0,0,8.6,,
14:20,0,0,0,8.6,,
14:30,0,0,0,8.6,,
14:40,0,0,0,8.6,,
14:50,0,0,0,8.6,,
15:00,0,0,0,8.6,,
15:10,0,0,0,8.6,,
15:20,0,0,0,8.6,,
15:30,0,0,0,8.6,,
15:40,0,0,0,8.6,,
15:50,0,0,0,8.6,,
16:00,0,0,0,8.6,,
16:10,0,0,0,8.6,,
16:20,0,0,0,8.6,,
16:30,0,0,0,8.6,,
16:40,0,0,0,8.6,,
16:50,0,0,0,8.6,,
17:00,0,0,0,8.6,,
17:10,0,0,0,8.6,,
17:20,0,0,0,8.6,,
17:30,0,0,0,8.6,,
17:40,0,0,0,8.6,,
17:50,0,0,0,8.6,,
18:00,0,0,0,8.6,,
18:10,0.1,0,0,11.1,,
18:20,0,0,0,8.6,,
18:30,0,0,0,8.6,,
18:40,0,0,0,8.6,,
18:50,0,0,0,8.6,,
19:00,0,0,0,8.6,,
19:10,0,0,0,8.6,,
19:20,0,0,0,8.6,,
19:30,0,0,0,8.6,,
19:40,0,0,0,8.6,,
19:50,0,0,0,8.6,,
20:00,0,0,0,8.6,,
20:10,0,0,0,8.6,,
20:20,0,0,0,8.6,,
20:30,0,0,0,8.6,,
20:40,0.1,14,0,8.6,,
20:50,0.1,0,0,8.6,,
21:00,0,0,0,8.6,,
21:10,0,0,0,8.6,,
21:20,0,0,0,8.6,,
21:30,0,0,0,8.6,,
21:40,0,0,0,8.6,,
21:50,0,0,0,8.6,,
22:00,0,0,0,8.6,,
22:10,0,0,0,8.6,,
22:20,0,0,0,8.6,,
22:30,0,0,0,8.6,,
22:40,0,0,0,8.6,,
22:50,0,0,0,8.6,,
23:00,0,0,0,8.6,,
23:10,0,0,0,8.6,,
23:20,0,0,0,8.6,,
23:30,0,0,0,8.6,,
23:40,0,0,0,6.2,,
23:50,0,0,0,8.6,,
00:00,0,0,0,6.7,,
00:10,0,0,0,6.7,,
00:20,0,0,0,6.7,,
00:30,0,0,0,6.7,,
00:40,0,0,16,6.7,,
00:50,0,0,0,6.7,,
01:00,0,0,0,6.7,,
01:10,0,0,0,6.7,,
01:20,0,0,0,6.7,,
01:30,0,0,0,6.7,,
01:40,0,0,0,6.7,,
01:50,0,0,0,6.7,,
02:00,0,0,0,6.7,,
02:10,0,0,0,6.7,,
02:20,0,0,0,6.7,,
02:30,0,0,0,6.7,,
02:40,0,0,0,6.7,,
02:50,0,0,0,6.7,,
03:00,0,0,0,6.7,,
03:10,0,0,0,6.7,,
03:20,0,0,0,6.7,,
03:30,0,0,0,6.7,,
03:40,0,0,0,6.7,,
03:50,0,0,0,6.7,,
04:00,0,0,0,6.7,,
04:10,0,0,0,6.7,,
04:20,0,0,0,6.7,,
04:30,0,0,0,6.7,,
04:40,0,0,0,6.7,,
04:50,0,0,0,6.7,,
05:00,0,0,0,6.7,,
05:10,0,0,0,6.7,,
05:20,0,0,0,6.7,,
05:30,0,0,0,6.7,,
05:40,0,0,0,6.7,,
05:50,0,0,0,6.7,,
06:00,0,0,0,6.7,,
06:10,0,0,0,6.7,,
06:20,0,0,0,6.7,,
06:30,0,0,0,6.7,,
06:40,0,0,0,6.7,,
06:50,0,0,0,6.7,,
07:00,0,0,0,6.7,,
07:10,0,0,0,6.7,,
07:20,0,0,0,6.7,,
07:30,0,0,0,6.7,,
07:40,0,0,0,6.7,,
07:50,0,0,0,6.7,,
08:00,0,0,0,6.7,,
08:10,0,0,0,6.7,,
08:20,0,0,0,6.7,,
08:30,0,0,0,6.7,,
08:40,0,0,0,6.7,,
08:50,0,0,0,6.7,,
09:00,0,0,0,6.7,,
09:10,0,0,0,6.7,,
09:20,0,0,0,5.4,,
09:30,0,0,0,6.7,,
09:40,0,0,0,6.7,,
09:50,0,0,0,6.7,,
10:00,0,0,0,6.7,,
10:10,0,0,0,6.7,,
10:20,0,0,0,6.7,,
10:30,0,0,0,6.7,,
10:40,0,0,0,6.7,,
10:50,0.1,8,0,6.7,,
11:00,0,0,0,6.7,,
11:10,0,0,0,6.7,,
11:20,0,0,0,6.7,,
11:30,0,0,0,6.7,,
11:40,0,0,0,6.7,,
11:50,0,0,0,6.7,,
12:00,0,0,0,6.7,,
12:10,0,0,0,6.7,,
12:20,0,0,0,6.7,,
12:30,0,0,0,6.7,,
12:40,0,0,0,6.7,,
12:50,0,0,0,6.7,,
13:00,0,0,0,6.7,,
13:10,0,0,0,6.7,,
13:20,0,0,0,6.7,,
13:30,0,0,0,6.7,,
13:40,0,0,0,6.7,,
13:50,0,0,0,6.7,,
14:00,0.1,12,0,6.1,,
14:10,0.1,0,0,6.7,,
14:20,0,0,0,6.7,,
14:30,0,0,0,6.7,,
14:40,0,0,0,6.7,,
14:50,0,0,0,6.7,,
15:00,0,0,0,6.7,,
15:10,0,0,0,6.7,,
15:20,0,0,0,6.7,,
15:30,0,0,0,6.7,,
15:40,0,0,0,6.7,,
15:50,0,0,0,6.7,,
16:00,0,0,0,6.7,,
16:10,0,0,0,6.7,,
16:20,0,0,0,6.7,,
16:30,0,0,0,6.7,,
16:40,0,0,0,6.7,,
16:50,0,0,0,6.7,,
17:00,0,0,0,6.7,,
17:10,0,0,0,6.7,,
17:20,0,0,0,6.7,,
17:30,0,0,0,6.7,,
17:40,0,0,0,6.7,,
17:50,0,0,0,6.7,,
18:00,0,0,0,6.7,,
18:10,0,0,0,8.6,,
18:20,0,0,0,6.7,,
18:30,0,0,0,6.7,,
18:40,0,0,0,6.7,,
18:50,0,0,0,6.7,,
19:00,0,0,0,6.7,,
19:10,0,0,0,6.7,,
19:20,0,0,0,6.7,,
19:30,0,0,0,6.7,,
19:40,0,0,0,6.7,,
19:50,0.1,14,0,6.7,,
20:00,0.1,0,0,6.7,,
20:10,0,0,0,6.7,,
20:20,0,0,0,6.7,,
20:30,0,0,0,6.7,,
20:40,0,0,0,6.7,,
20:50,0,0,0,6.7,,
21:00,0,0,0,6.7,,
21:10,0,0,0,6.7,,
21:20,0,0,0,6.7,,
21:30,0,0,0,6.7,,
21:40,0,0,0,6.7,,
21:50,0,0,0,6.7,,
22:00,0,0,0,6.7,,
22:10,0,0,0,6.7,,
22:20,0,0,0,6.7,,
22:30,0,0,0,6.7,,
22:40,0,0,0,6.7,,
22:50,0,0,0,6.7,,
23:00,0,0,0,6.7,,
23:10,0,0,0,6.7,,
23:20,0,0,0,6.7,,
23:30,0,0,0,6.7,,
23:40,0,0,0,6.7,,
23:50,0,0,0,6.7,,
00:00,0,0,0,9.15,,
00:10,0,0,0,9.15,,
00:20,0,0,0,9.15,,
00:30,0,0,0,9.15,,
00:40,0,0,0,9.15,,
00:50,0,0,0,9.15,,
01:00,0,0,0,9.15,,
01:10,0,0,0,9.15,,
01:20,0,0,0,9.15,,
01:30,0,0,16,11.9,,
01:40,0,0,0,9.15,,
01:50,0,0,0,9.15,,
02:00,0,0,0,9.15,,
02:10,0,0,0,9.15,,
02:20,0,0,0,9.15,,
02:30,0,0,0,9.15,,
02:40,0,0,0,9.15,,
02:50,0,0,0,9.15,,
03:00,0,0,0,9.15,,
03:10,0,0,0,9.15,,
03:20,0,0,0,9.15,,
03:30,0,0,0,9.15,,
03:40,0,0,0,9.15,,
03:50,0,0,0,9.15,,
04:00,0,0,0,9.15,,
04:10,0,0,0,9.15,,
04:20,0,0,0,9.15,,
04:30,0,0,0,9.15,,
04:40,0,0,0,9.15,,
04:50,0,0,0,9.15,,
05:00,0,0,0,9.15,,
05:10,0,0,0,9.15,,
05:20,0,0,0,9.15,,
05:30,0,0,0,9.15,,
05:40,0,0,0,9.15,,
05:50,0,0,0,9.15,,
06:00,0,0,0,9.15,,
06:10,0,0,0,9.15,,
06:20,0,0,0,9.15,,
06:30,0,0,0,9.15,,
06:40,0,0,0,9.15,,
06:50,0,0,0,9.15,,
07:00,0,0,0,9.15,,
07:10,0,0,0,9.15,,
07:20,0,0,0,9.15,,
07:30,0,0,0,9.15,,
07:40,0,0,0,9.15,,
07:50,0,0,0,9.15,,
08:00,0,0,0,9.15,,
08:10,0,0,0,9.15,,
08:20,0,0,0,9.15,,
08:30,0,0,0,9.15,,
08:40,0,0,0,8,,
08:50,0,0,0,9.15,,
09:00,0,0,0,9.15,,
09:10,0,0,0,9.15,,
09:20,0,0,0,9.15,,
09:30,0,0,0,9.15,,
09:40,0,0,0,9.15,,
09:50,0,0,0,9.15,,
10:00,0,0,0,9.15,,
10:10,0,0,0,9.15,,
10:20,0,0,0,9.15,,
10:30,0,0,0,9.15,,
10:40,0,0,0,9.15,,
10:50,0,0,0,9.15,,
11:00,0,0,0,9.15,,
11:10,0,0,0,9.15,,
11:20,0,0,0,9.15,,
11:30,0,0,0,9.15,,
11:40,0,0,0,9.15,,
11:50,0,0,0,9.15,,
12:00,0,0,0,9.15,,
12:10,0,0,0,9.15,,
12:20,0,0,0,9.15,,
12:30,0,0,0,9.15,,
12:40,0,0,0,9.15,,
12:50,0.1,0,0,9.15,,
13:00,0,0,0,9.15,,
13:10,0,0,0,9.15,,
13:20,0,0,0,9.15,,
13:30,0,0,0,9.15,,
13:40,0,0,0,9.15,,
13:50,0,0,0,9.15,,
14:00,0.1,13,0,9.15,,
14:10,0.1,0,0,9.15,,
14:20,0,0,0,9.15,,
14:30,0,0,0,9.15,,
14:40,0,0,0,9.15,,
14:50,0,0,0,9.15,,
15:00,0,0,0,9.15,,
15:10,0,0,0,9.15,,
15:20,0,0,0,9.15,,
15:30,0,0,0,9.15,,
15:40,0,0,0,9.15,,
15:50,0,0,0,9.15,,
16:00,0,0,0,9.15,,
16:10,0,0,0,9.15,,
16:20,0,0,0,9.15,,
16:30,0,0,0,9.15,,
16:40,0,0,0,9.15,,
16:50,0,0,0,9.15,,
17:00,0,0,0,9.15,,
17:10,0,0,0,9.15,,
17:20,0,0,0,9.15,,
17:30,0,0,0,9.15,,
17:40,0,0,0,9.15,,
17:50,0,0,0,9.15,,
18:00,0,0,0,10.7,,
18:10,0,0,0,9.15,,
18:20,0,0,0,9.15,,
18:30,0,0,0,9.15,,
18:40,0,0,0,9.15,,
18:50,0,0,0,9.15,,
19:00,0,0,0,9.15,,
19:10,0,0,0,9.15,,
19:20,0,0,0,9.15,,
19:30,0,0,0,9.15,,
19:40,0,0,0,9.15,,
19:50,0,0,0,9.15,,
20:00,0,0,0,9.15,,
20:10,0.1,14,0,9.15,,
20:20,0.1,0,0,9.15,,
20:30,0,0,0,9.15,,
20:40,0,0,0,9.15,,
20:50,0,0,0,9.15,,
21:00,0,0,0,9.15,,
21:10,0,0,0,9.15,,
21:20,0,0,0,9.15,,
21:30,0,0,0,9.15,,
21:40,0,0,0,9.15,,
21:50,0,0,0,9.15,,
22:00,0,0,0,9.15,,
22:10,0,0,0,9.15,,
22:20,0,0,0,9.15,,
22:30,0,0,0,9.15,,
22:40,0,0,0,9.15,,
22:50,0,0,0,9.15,,
23:00,0,0,0,9.15,,
23:10,0,0,0,9.15,,
23:20,0,0,0,9.15,,
23:30,0,0,0,9.15,,
23:40,0,0,0,6,,
23:50,0,0,0,9.15,,
00:00,0,0,0,5.75,,
00:10,0,0,0,5.75,,
00:20,0,0,0,5.75,,
00:30,0,0,16,5.75,,
00:40,0,0,0,5.75,,
00:50,0,0,0,5.75,,
01:00,0,0,0,5.75,,
01:10,0,0,0,5.75,,
01:20,0,0,0,5.75,,
01:30,0,0,0,5.75,,
01:40,0,0,0,5.75,,
01:50,0,0,0,5.75,,
02:00,0,0,0,5.75,,
02:10,0,0,0,5.75,,
02:20,0,0,0,5.75,,
02:30,0,0,0,5.75,,
02:40,0,0,0,5.75,,
02:50,0,0,0,5.75,,
03:00,0,0,0,5.75,,
03:10,0,0,0,5.75,,
03:20,0,0,0,5.75,,
03:30,0,0,0,5.75,,
03:40,0,0,0,5.75,,
03:50,0,0,0,5.75,,
04:00,0,0,0,5.75,,
04:10,0,0,0,5.75,,
04:20,0,0,0,5.75,,
04:30,0,0,0,5.75,,
04:40,0,0,0,5.75,,
04:50,0,0,0,5.75,,
05:00,0,0,0,5.75,,
05:10,0,0,0,5.75,,
05:20,0,0,0,5.75,,
05:30,0,0,0,5.75,,
05:40,0,0,0,5.75,,
05:50,0,0,0,5.75,,
06:00,0,0,0,5.75,,
06:10,0,0,0,5.75,,
06:20,0,0,0,5.75,,
06:30,0,0,0,5.75,,
06:40,0,0,0,5.75,,
06:50,0,0,0,5.75,,
07:00,0,0,0,5.75,,
07:10,0,0,0,5.75,,
07:20,0,0,0,5.75,,
07:30,0,0,0,5.75,,
07:40,0,0,0,5.75,,
07:50,0,0,0,5.75,,
08:00,0,0,0,5.75,,
08:10,0,0,0,5.75,,
08:20,0,0,0,5.75,,
08:30,0,0,0,5.75,,
08:40,0,0,0,5.75,,
08:50,0,0,0,5.75,,
09:00,0,0,0,5.75,,
09:10,0,0,0,4.9,,
09:20,0,0,0,5.75,,
09:30,0,0,0,5.75,,
09:40,0,0,0,5.75,,
09:50,0,0,0,5.75,,
10:00,0,0,0,5.75,,
10:10,0,0,0,5.75,,
10:20,0,0,0,5.75,,
10:30,0,0,0,5.75,,
10:40,0.1,8,0,5.75,,
10:50,0,0,0,5.75,,
11:00,0,0,0,5.75,,
11:10,0,0,0,5.75,,
11:20,0,0,0,5.75,,
11:30,0,0,0,5.75,,
11:40,0,0,0,5.75,,
11:50,0,0,0,5.75,,
12:00,0,0,0,5.75,,
12:10,0,0,0,5.75,,
12:20,0,0,0,5.75,,
12:30,0,0,0,5.75,,
12:40,0,0,0,5.75,,
12:50,0,0,0,5.75,,
13:00,0,0,0,5.75,,
13:10,0,0,0,5.75,,
13:20,0,0,0,5.75,,
13:30,0,0,0,5.75,,
13:40,0,0,0,5.75,,
13:50,0,0,0,5.75,,
14:00,0,0,0,5.75,,
14:10,0,0,0,5.75,,
14:20,0,0,0,5.75,,
14:30,0,0,0,5.75,,
14:40,0,0,0,5.75,,
14:50,0,0,0,5.75,,
15:00,0,0,0,5.75,,
15:10,0,0,0,5.75,,
15:20,0,0,0,5.75,,
15:30,0,0,0,5.75,,
15:40,0.1,12,0,5.1,,
15:50,0.1,0,0,5.75,,
16:00,0,0,0,5.75,,
16:10,0,0,0,5.75,,
16:20,0,0,0,5.75,,
16:30,0,0,0,5.75,,
16:40,0,0,0,5.75,,
16:50,0,0,0,5.75,,
17:00,0,0,0,5.75,,
17:10,0,0,0,5.75,,
17:20,0,0,0,5.75,,
17:30,0,0,0,5.75,,
17:40,0,0,0,5.75,,
17:50,0,0,0,5.75,,
18:00,0,0,0,5.75,,
18:10,0,0,0,5.75,,
18:20,0,0,0,5.75,,
18:30,0,0,0,5.75,,
18:40,0,0,0,5.75,,
18:50,0,0,0,5.75,,
19:00,0,0,0,4.6,,
19:10,0,0,0,5.75,,
19:20,0,0,0,5.75,,
19:30,0,0,0,5.75,,
19:40,0,0,0,5.75,,
19:50,0,0,0,5.75,,
20:00,0,0,0,5.75,,
20:10,0,0,0,5.75,,
20:20,0,0,0,5.75,,
20:30,0.1,10,0,5.75,,
20:40,0.1,0,0,5.75,,
20:50,0,0,0,5.75,,
21:00,0,0,0,5.75,,
21:10,0,0,0,5.75,,
21:20,0,0,0,5.75,,
21:30,0,0,0,5.75,,
21:40,0,0,0,5.75,,
21:50,0,0,0,5.75,,
22:00,0,0,0,5.75,,
22:10,0,0,0,5.75,,
22:20,0,0,0,5.75,,
22:30,0,0,0,5.75,,
22:40,0,0,0,8.4,,
22:50,0,0,0,5.75,,
23:00,0,0,0,5.75,,
23:10,0,0,0,5.75,,
23:20,0,0,0,5.75,,
23:30,0,0,0,5.75,,
23:40,0,0,0,5.75,,
23:50,0,0,0,5.75,,
00:00,0,0,0,6.15,,
00:10,0,0,0,6.15,,
00:20,0,0,0,6.15,,
00:30,0,0,0,6.15,,
00:40,0,0,16,6.15,,
00:50,0,0,0,6.15,,
01:00,0,0,0,6.15,,
01:10,0,0,0,6.15,,
01:20,0,0,0,6.15,,
01:30,0,0,0,6.15,,
01:40,0,0,0,6.15,,
01:50,0,0,0,6.15,,
02:00,0,0,0,6.15,,
02:10,0,0,0,6.15,,
02:20,0,0,0,6.15,,
02:30,0,0,0,6.15,,
02:40,0,0,0,6.15,,
02:50,0,0,0,6.15,,
03:00,0,0,0,6.15,,
03:10,0,0,0,6.15,,
03:20,0,0,0,6.15,,
03:30,0,0,0,6.15,,
03:40,0,0,0,6.15,,
03:50,0,0,0,6.15,,
04:00,0,0,0,6.15,,
04:10,0,0,0,6.15,,
04:20,0,0,0,6.15,,
04:30,0,0,0,6.15,,
04:40,0,0,0,6.15,,
04:50,0,0,0,6.15,,
05:00,0,0,0,6.15,,
05:10,0,0,0,6.15,,
05:20,0,0,0,6.15,,
05:30,0,0,0,6.15,,
05:40,0,0,0,6.15,,
05:50,0,0,0,6.15,,
06:00,0,0,0,6.15,,
06:10,0,0,0,6.15,,
06:20,0,0,0,6.15,,
06:30,0,0,0,6.15,,
06:40,0,0,0,6.15,,
06:50,0,0,0,6.15,,
07:00,0,0,0,6.15,,
07:10,0,0,0,6.15,,
07:20,0,0,0,6.15,,
07:30,0,0,0,6.15,,
07:40,0,0,0,6.15,,
07:50,0,0,0,6.15,,
08:00,0,0,0,6.15,,
08:10,0,0,0,6.15,,
08:20,0,0,0,6.15,,
08:30,0,0,0,6.15,,
08:40,0,0,0,6.15,,
08:50,0,0,0,6.15,,
09:00,0,0,0,6.15,,
09:10,0,0,0,6.15,,
09:20,0,0,0,6.15,,
09:30,0,0,0,6.15,,
09:40,0,0,0,6.15,,
09:50,0,0,0,6.15,,
10:00,0,0,0,6.15,,
10:10,0,0,0,6.15,,
10:20,0.1,6,0,3.9,,
10:30,0,0,0,6.15,,
10:40,0,0,0,6.15,,
10:50,0,0,0,6.15,,
11:00,0,0,0,6.15,,
11:10,0,0,0,6.15,,
11:20,0,0,0,6.15,,
11:30,0,0,0,6.15,,
11:40,0,0,0,6.15,,
11:50,0,0,0,6.15,,
12:00,0,0,0,6.15,,
12:10,0,0,0,6.15,,
12:20,0,0,0,6.15,,
12:30,0,0,0,6.15,,
12:40,0,0,0,7.2,,
12:50,0,11,0,6.15,,
13:00,0.1,0,0,6.15,,
13:10,0.1,0,0,6.15,,
13:20,0,0,0,6.15,,
13:30,0,0,0,6.15,,
13:40,0,0,0,6.15,,
13:50,0,0,0,6.15,,
14:00,0,0,0,6.15,,
14:10,0,0,0,6.15,,
14:20,0,0,0,6.15,,
14:30,0,0,0,6.15,,
14:40,0,0,0,6.15,,
14:50,0,0,0,6.15,,
15:00,0,0,0,6.15,,
15:10,0,0,0,6.15,,
15:20,0,0,0,5.6,,
15:30,0,0,0,6.15,,
15:40,0,0,0,6.15,,
15:50,0,0,0,6.15,,
16:00,0,0,0,6.15,,
16:10,0,0,0,6.15,,
16:20,0,0,0,6.15,,
16:30,0,0,0,6.15,,
16:40,0,0,0,6.15,,
16:50,0,0,0,6.15,,
17:00,0,0,0,6.15,,
17:10,0,0,0,6.15,,
17:20,0,0,0,6.15,,
17:30,0,0,0,6.15,,
17:40,0,0,0,6.15,,
17:50,0,0,0,6.15,,
18:00,0,0,0,6.15,,
18:10,0,0,0,6.15,,
18:20,0,0,0,6.15,,
18:30,0,0,0,6.15,,
18:40,0,0,0,6.15,,
18:50,0,0,0,6.15,,
19:00,0,0,0,6.15,,
19:10,0,0,0,6.15,,
19:20,0,0,0,6.15,,
19:30,0,0,0,6.15,,
19:40,0,0,0,6.15,,
19:50,0,0,0,6.15,,
20:00,0,0,0,6.15,,
20:10,0,12,0,6.15,,
20:20,0.1,0,0,6.15,,
20:30,0.1,0,0,6.15,,
20:40,0,0,0,6.15,,
20:50,0,0,0,6.15,,
21:00,0,0,0,6.15,,
21:10,0,0,0,6.15,,
21:20,0,0,0,6.15,,
21:30,0,0,0,6.15,,
21:40,0,0,0,6.15,,
21:50,0,0,0,6.15,,
22:00,0,0,0,6.15,,
22:10,0,0,0,6.15,,
22:20,0,0,0,6.15,,
22:30,0,0,0,6.15,,
22:40,0,0,0,6.15,,
22:50,0,0,0,7.9,,
23:00,0,0,0,6.15,,
23:10,0,0,0,6.15,,
23:20,0,0,0,6.15,,
23:30,0,0,0,6.15,,
23:40,0,0,16,6.15,,
23:50,0,0,0,6.15,,
00:00,0,0,0,8.17,,
00:10,0,0,0,8.17,,
00:20,0,0,0,8.17,,
00:30,0,0,0,8.17,,
00:40,0,0,0,8.17,,
00:50,0,0,0,8.17,,
01:00,0,0,0,8.17,,
01:10,0,0,0,8.17,,
01:20,0,0,0,8.17,,
01:30,0,0,0,8.17,,
01:40,0,0,0,8.17,,
01:50,0,0,0,8.17,,
02:00,0,0,0,8.17,,
02:10,0,0,0,8.17,,
02:20,0,0,0,8.17,,
02:30,0,0,0,8.17,,
02:40,0,0,0,8.17,,
02:50,0,0,0,8.17,,
03:00,0,0,0,8.17,,
03:10,0,0,0,8.17,,
03:20,0,0,0,8.17,,
03:30,0,0,0,8.17,,
03:40,0,0,0,8.17,,
03:50,0,0,0,8.17,,
04:00,0,0,0,8.17,,
04:10,0,0,0,8.17,,
04:20,0,0,0,8.17,,
04:30,0,0,0,8.17,,
04:40,0,0,0,8.17,,
04:50,0,0,0,8.17,,
05:00,0,0,0,8.17,,
05:10,0,0,0,8.17,,
05:20,0,0,0,8.17,,
05:30,0,0,0,8.17,,
05:40,0,0,0,8.17,,
05:50,0,0,0,8.17,,
06:00,0,0,0,8.17,,
06:10,0,0,0,8.17,,
06:20,0,0,0,8.17,,
06:30,0,0,0,8.17,,
06:40,0,0,0,8.17,,
06:50,0,0,0,8.17,,
07:00,0,0,0,8.17,,
07:10,0,0,0,8.17,,
07:20,0,0,0,5.7,,
07:30,0,0,0,8.17,,
07:40,0,0,0,8.17,,
07:50,0,0,0,8.17,,
08:00,0,0,0,8.17,,
08:10,0,0,0,8.17,,
08:20,0,0,0,8.17,,
08:30,0,0,0,8.17,,
08:40,0,0,0,8.17,,
08:50,0,0,0,8.17,,
09:00,0,0,0,8.17,,
09:10,0,0,0,8.17,,
09:20,0,0,0,8.17,,
09:30,0,0,0,8.17,,
09:40,0,0,0,8.17,,
09:50,0,0,0,8.17,,
10:00,0,0,0,8.17,,
10:10,0,0,0,8.17,,
10:20,0.1,0,0,8.17,,
10:30,0.1,0,0,8.17,,
10:40,0,0,0,8.17,,
10:50,0,0,0,8.17,,
11:00,0,0,0,8.17,,
11:10,0,0,0,8.17,,
11:20,0,0,0,8.17,,
11:30,0,0,0,8.17,,
11:40,0,0,0,8.17,,
11:50,0,0,0,8.17,,
12:00,0,0,0,8.17,,
12:10,0,0,0,8.17,,
12:20,0.1,7,0,8.17,,
12:30,0,0,0,8.17,,
12:40,0,0,0,8.17,,
12:50,0,0,0,8.17,,
13:00,0,0,0,6.2,,
13:10,0,0,0,8.17,,
13:20,0,0,0,8.17,,
13:30,0,0,0,8.17,,
13:40,0,0,0,8.17,,
13:50,0,0,0,8.17,,
14:00,0,0,0,8.17,,
14:10,0,0,0,8.17,,
14:20,0,0,0,8.17,,
14:30,0,0,0,8.17,,
14:40,0,0,0,8.17,,
14:50,0,0,0,8.17,,
15:00,0,0,0,8.17,,
15:10,0,0,0,3.3,,
15:20,0.1,0,0,8.17,,
15:30,0.1,0,0,8.17,,
15:40,0,0,0,8.17,,
15:50,0,0,0,8.17,,
16:00,0,0,0,8.17,,
16:10,0,0,0,8.17,,
16:20,0,0,0,8.17,,
16:30,0,0,0,8.17,,
16:40,0,0,0,8.17,,
16:50,0,0,0,8.17,,
17:00,0,0,0,8.17,,
17:10,0,0,0,8.17,,
17:20,0,0,0,8.17,,
17:30,0,0,0,8.17,,
17:40,0,0,0,8.17,,
17:50,0,0,0,8.17,,
18:00,0,0,0,10.6,,
18:10,0,0,0,8.17,,
18:20,0,0,0,8.17,,
18:30,0,0,0,8.17,,
18:40,0,0,0,8.17,,
18:50,0,0,0,8.17,,
19:00,0,0,0,8.17,,
19:10,0,0,0,8.17,,
19:20,0,0,0,8.17,,
19:30,0,12,0,10.4,,
19:40,0.1,0,0,8.17,,
19:50,0.1,0,0,8.17,,
20:00,0,0,0,8.17,,
20:10,0,0,0,8.17,,
20:20,0,0,0,8.17,,
20:30,0,0,0,8.17,,
20:40,0,0,0,8.17,,
20:50,0,0,0,8.17,,
21:00,0,0,0,8.17,,
21:10,0,0,0,8.17,,
21:20,0,0,0,8.17,,
21:30,0,0,0,8.17,,
21:40,0,0,0,8.17,,
21:50,0,0,0,8.17,,
22:00,0,0,0,8.17,,
22:10,0,0,0,8.17,,
22:20,0,0,0,8.17,,
22:30,0,0,0,8.17,,
22:40,0,0,0,12.1,,
22:50,0,0,0,8.17,,
23:00,0,0,0,8.17,,
23:10,0,0,0,8.17,,
23:20,0,0,0,8.17,,
23:30,0,0,0,8.17,,
23:40,0,0,0,8.17,,
23:50,0,0,0,8.9,,
00:00,0,0,0,8.01,,
00:10,0,0,0,8.01,,
00:20,0,0,16,8.01,,
00:30,0,0,0,8.01,,
00:40,0,0,0,8.01,,
00:50,0,0,0,8.01,,
01:00,0,0,0,8.01,,
01:10,0,0,0,8.01,,
01:20,0,0,0,8.01,,
01:30,0,0,0,8.01,,
01:40,0,0,0,8.01,,
01:50,0,0,0,8.01,,
02:00,0,0,0,8.01,,
02:10,0,0,0,8.01,,
02:20,0,0,0,8.01,,
02:30,0,0,0,8.01,,
02:40,0,0,0,8.01,,
02:50,0,0,0,8.01,,
03:00,0,0,0,8.01,,
03:10,0,0,0,8.01,,
03:20,0,0,0,8.01,,
03:30,0,0,0,8.01,,
03:40,0,0,0,8.01,,
03:50,0,0,0,8.01,,
04:00,0,0,0,8.01,,
04:10,0,0,0,8.01,,
04:20,0,0,0,8.01,,
04:30,0,0,0,8.01,,
04:40,0,0,0,8.01,,
04:50,0,0,0,8.01,,
05:00,0,0,0,8.01,,
05:10,0,0,0,8.01,,
05:20,0,0,0,8.01,,
05:30,0,0,0,8.01,,
05:40,0,0,0,8.01,,
05:50,0,0,0,8.01,,
06:00,0,0,0,8.01,,
06:10,0,0,0,8.01,,
06:20,0,0,0,8.01,,
06:30,0,0,0,8.01,,
06:40,0,0,0,8.01,,
06:50,0,0,0,8.01,,
07:00,0,0,0,8.01,,
07:10,0,0,0,8.01,,
07:20,0,0,0,8.01,,
07:30,0,0,0,8.01,,
07:40,0,0,0,8.01,,
07:50,0,0,0,8.01,,
08:00,0,0,0,8.01,,
08:10,0,0,0,8.01,,
08:20,0,0,0,8.01,,
08:30,0,0,0,8.01,,
08:40,0,0,0,7.8,,
08:50,0,0,0,8.01,,
09:00,0,0,0,8.01,,
09:10,0,0,0,8.01,,
09:20,0,0,0,8.01,,
09:30,0,0,0,8.01,,
09:40,0,0,0,8.01,,
09:50,0,0,0,8.01,,
10:00,0,0,0,8.01,,
10:10,0,0,0,8.01,,
10:20,0,0,0,8.01,,
10:30,0,0,0,8.01,,
10:40,0,0,0,8.01,,
10:50,0,0,0,8.01,,
11:00,0,0,0,8.01,,
11:10,0,0,0,8.01,,
11:20,0,0,0,8.01,,
11:30,0,0,0,8.01,,
11:40,0,0,0,8.01,,
11:50,0,0,0,8.01,,
12:00,0,0,0,8.01,,
12:10,0,0,0,8.01,,
12:20,0,0,0,8.01,,
12:30,0,0,0,8.01,,
12:40,0,0,0,8.01,,
12:50,0,0,0,8.01,,
13:00,0,0,0,8.01,,
13:10,0,0,0,8.01,,
13:20,0.15,16,0,7.2,,
13:30,0.15,0,0,8.01,,
13:40,0,0,0,8.01,,
13:50,0,0,0,8.01,,
14:00,0,0,0,8.01,,
14:10,0,0,0,8.01,,
14:20,0,0,0,8.01,,
14:30,0,0,0,8.01,,
14:40,0,0,0,8.01,,
14:50,0,0,0,8.01,,
15:00,0,0,0,8.01,,
15:10,0,0,0,8.01,,
15:20,0,0,0,8.01,,
15:30,0,0,0,8.01,,
15:40,0,0,0,8.01,,
15:50,0,0,0,8.01,,
16:00,0,0,0,8.01,,
16:10,0,0,0,8.01,,
16:20,0,0,0,8.01,,
16:30,0,0,0,5.9,,
16:40,0,0,0,8.01,,
16:50,0,0,0,8.01,,
17:00,0,0,0,8.01,,
17:10,0,0,0,8.01,,
17:20,0,0,0,8.01,,
17:30,0,0,0,8.01,,
17:40,0,0,0,8.01,,
17:50,0,0,0,8.9,,
18:00,0,0,0,8.01,,
18:10,0,0,0,11.7,,
18:20,0,0,0,11.6,,
18:30,0,0,0,11.5,,
18:40,0,0,0,8.01,,
18:50,0,0,0,9.9,,
19:00,0,0,0,9.1,,
19:10,0,0,0,8.3,,
19:20,0,0,0,7.8,,
19:30,0,0,0,9.4,,
19:40,0,0,0,9.4,,
19:50,0,0,0,9.1,,
20:00,0,0,0,8.01,,
20:10,0,0,0,8.9,,
20:20,0,0,0,8.01,,
20:30,0,0,0,8.01,,
20:40,0.1,12,0,8.9,,
20:50,0.1,0,0,8.01,,
21:00,0,0,0,7.6,,
21:10,0,0,0,7.3,,
21:20,0,0,0,6.7,,
21:30,0,0,0,8.01,,
21:40,0,0,0,8.01,,
21:50,0,0,0,8.01,,
22:00,0,0,0,5.9,,
22:10,0,0,0,8.01,,
22:20,0,0,0,8.01,,
22:30,0,0,0,6.1,,
22:40,0,0,0,6.8,,
22:50,0,0,0,7.2,,
23:00,0,0,0,6.8,,
23:10,0,0,0,8.01,,
23:20,0,0,0,8.01,,
23:30,0,0,0,5.4,,
23:40,0,0,0,5.3,,
23:50,0,0,0,5.9,,
00:00,0,0,0,8.36,,
00:10,0,0,0,6.3,,
00:20,0,0,16,6.2,,
00:30,0,0,0,8.36,,
00:40,0,0,0,8.36,,
00:50,0,0,0,6.3,,
01:00,0,0,0,8.36,,
01:10,0,0,0,8.36,,
01:20,0,0,0,8.36,,
01:30,0,0,0,8.36,,
01:40,0,0,0,3.6,,
01:50,0,0,0,8.36,,
02:00,0,0,0,8.36,,
02:10,0,0,0,8.36,,
02:20,0,0,0,8.36,,
02:30,0,0,0,8.36,,
02:40,0,0,0,8.36,,
02:50,0,0,0,8.36,,
03:00,0,0,0,8.36,,
03:10,0,0,0,4.2,,
03:20,0,0,0,8.36,,
03:30,0,0,0,8.36,,
03:40,0,0,0,8.36,,
03:50,0,0,0,8.36,,
04:00,0,0,0,8.36,,
04:10,0,0,0,8.36,,
04:20,0,0,0,8.36,,
04:30,0,0,0,8.36,,
04:40,0,0,0,8.36,,
04:50,0,0,0,8.36,,
05:00,0,0,0,8.36,,
05:10,0,0,0,4.1,,
05:20,0,0,0,8.36,,
05:30,0,0,0,8.36,,
05:40,0,0,0,8.36,,
05:50,0,0,0,8.36,,
06:00,0,0,0,8.36,,
06:10,0,0,0,8.36,,
06:20,0,0,0,8.36,,
06:30,0,0,0,8.36,,
06:40,0,0,0,8.36,,
06:50,0,0,0,8.36,,
07:00,0,0,0,8.36,,
07:10,0,0,0,8.36,,
07:20,0,0,0,8.36,,
07:30,0,0,0,8.36,,
07:40,0,0,0,8.36,,
07:50,0,0,0,8.36,,
08:00,0,0,0,8.36,,
08:10,0,0,0,8.36,,
08:20,0,0,0,8.36,,
08:30,0,0,0,8.36,,
08:40,0,0,0,8.36,,
08:50,0,0,0,4.4,,
09:00,0,0,0,8.36,,
09:10,0,0,0,8.36,,
09:20,0,0,0,4.7,,
09:30,0,0,0,8.36,,
09:40,0,0,0,8.36,,
09:50,0,0,0,4.6,,
10:00,0,0,0,8.36,,
10:10,0,0,0,8.36,,
10:20,0.05,0,0,8.36,,
10:30,0.05,0,0,8.36,,
10:40,0,0,0,8.36,,
10:50,0,0,0,8.36,,
11:00,0,0,0,8.36,,
11:10,0,0,0,8.36,,
11:20,0,0,0,8.36,,
11:30,0,0,0,6.8,,
11:40,0,0,0,8.36,,
11:50,0,0,0,6.2,,
12:00,0,0,0,8.36,,
12:10,0,0,0,5.6,,
12:20,0,0,0,8.36,,
12:30,0,0,0,8.36,,
12:40,0,0,0,5.8,,
12:50,0,0,0,8.36,,
13:00,0,0,0,4,,
13:10,0,0,0,5.1,,
13:20,0.07,10,0,8.36,,
13:30,0.07,0,0,8.36,,
13:40,0,0,0,8.36,,
13:50,0,0,0,5.3,,
14:00,0,0,0,8.36,,
14:10,0,0,0,8.36,,
14:20,0,0,0,8.36,,
14:30,0,0,0,7.6,,
14:40,0,0,0,8.36,,
14:50,0,0,0,9,,
15:00,0,0,0,9.8,,
15:10,0,0,0,10.4,,
15:20,0,0,0,8.36,,
15:30,0,0,0,8.36,,
15:40,0,0,0,8.36,,
15:50,0,0,0,8.36,,
16:00,0,0,0,8.36,,
16:10,0,0,0,8.36,,
16:20,0,0,0,8.7,,
16:30,0,0,0,8.2,,
16:40,0,0,0,8.36,,
16:50,0,0,0,8.1,,
17:00,0,0,0,8.3,,
17:10,0,0,0,9.6,,
17:20,0,0,0,8.36,,
17:30,0,0,0,8.36,,
17:40,0,0,0,8.36,,
17:50,0,0,0,8.36,,
18:00,0,0,0,9.9,,
18:10,0,0,0,8.36,,
18:20,0,0,0,8.36,,
18:30,0,0,0,9.7,,
18:40,0,0,0,8.36,,
18:50,0,0,0,8.36,,
19:00,0,0,0,8.36,,
19:10,0,0,0,8.36,,
19:20,0,0,0,9.3,,
19:30,0,0,0,8.7,,
19:40,0.1,0,0,8.36,,
19:50,0.1,0,0,8.36,,
20:00,0,0,0,8.36,,
20:10,0,0,0,8.36,,
20:20,0,0,0,8.6,,
20:30,0,0,0,9.5,,
20:40,0,0,0,10.3,,
20:50,0,0,0,8.36,,
21:00,0,0,0,11.8,,
21:10,0,0,0,8.36,,
21:20,0,0,0,8.36,,
21:30,0,0,0,8.36,,
21:40,0,0,0,8.36,,
21:50,0,0,0,8.36,,
22:00,0,0,0,8.36,,
22:10,0,0,0,15.3,,
22:20,0,0,0,14.9,,
22:30,0,0,0,8.36,,
22:40,0,0,0,14.6,,
22:50,0,0,0,8.36,,
23:00,0,0,0,8.36,,
23:10,0,0,0,8.36,,
23:20,0,0,0,13.8,,
23:30,0,0,0,8.36,,
23:40,0,0,0,13.7,,
23:50,0,0,0,13.2,,
00:00,0,0,0,9.44,,
00:10,0,0,0,13.8,,
00:20,0,10,0,13.2,,
00:30,0,0,0,12.6,,
00:40,0,0,0,11.2,,
00:50,0,0,0,9.7,,
01:00,0,0,0,9.1,,
01:10,0,0,0,7.2,,
01:20,0,0,0,4.5,,
01:30,0,0,0,4.1,,
01:40,0.1,0,0,3.3,,
01:50,0,0,0,2.9,,
02:00,0,0,0,2.9,,
02:10,0.1,0,0,2.9,,
02:20,0.1,0,0,2.9,,
02:30,0,0,0,2.9,,
02:40,0,0,0,3.2,,
02:50,0,0,0,3.8,,
03:00,0,0,0,9.44,,
03:10,0,0,0,9.44,,
03:20,0,0,0,9.44,,
03:30,0,0,0,9.44,,
03:40,0,0,0,9.44,,
03:50,0,0,0,3.3,,
04:00,0,0,0,9.44,,
04:10,0,0,0,9.44,,
04:20,0,0,0,9.44,,
04:30,0,0,0,9.44,,
04:40,0,0,0,9.44,,
04:50,0,0,0,9.44,,
05:00,0,0,0,9.44,,
05:10,0,0,0,9.44,,
05:20,0,0,0,9.44,,
05:30,0,0,0,9.44,,
05:40,0,0,0,5.5,,
05:50,0,0,0,9.44,,
06:00,0,0,0,9.44,,
06:10,0,0,0,9.44,,
06:20,0,0,0,9.44,,
06:30,0,0,0,9.44,,
06:40,0,0,0,9.44,,
06:50,0,0,0,9.44,,
07:00,0,0,0,9.44,,
07:10,0,0,0,9.44,,
07:20,0,0,0,9.44,,
07:30,0,0,0,9.44,,
07:40,0,0,0,9.44,,
07:50,0,0,0,9.44,,
08:00,0,0,0,9.44,,
08:10,0,0,0,9.44,,
08:20,0,0,0,9.44,,
08:30,0,0,0,9.44,,
08:40,0,0,0,9.44,,
08:50,0,0,0,9.3,,
09:00,0,0,0,9.44,,
09:10,0,0,0,9.44,,
09:20,0,0,0,9.5,,
09:30,0,0,0,9.44,,
09:40,0,0,0,9.44,,
09:50,0,0,0,9.44,,
10:00,0,0,0,9.44,,
10:10,0,0,0,9.6,,
10:20,0,7,8,9.3,,
10:30,0,0,0,9.44,,
10:40,0,0,0,9.44,,
10:50,0,0,0,9.44,,
11:00,0,0,0,8.2,,
11:10,0,0,0,9.44,,
11:20,0,0,0,9.44,,
11:30,0,0,0,10.1,,
11:40,0,0,0,9.44,,
11:50,0,0,0,9.44,,
12:00,0,0,0,9.44,,
12:10,0,0,0,9.44,,
12:20,0,0,0,9.44,,
12:30,0,0,0,12.5,,
12:40,0,0,0,12,,
12:50,0,0,0,9.44,,
13:00,0,0,0,10.9,,
13:10,0,0,0,12.6,,
13:20,0,0,0,9.44,,
13:30,0,0,0,9.44,,
13:40,0,0,0,13.3,,
13:50,0,0,0,9.44,,
14:00,0,0,0,12.8,,
14:10,0,0,0,13.2,,
14:20,0,0,0,9.44,,
14:30,0,12,0,12.6,,
14:40,0.15,0,0,9.44,,
14:50,0.15,0,0,10.7,,
15:00,0,0,0,9.44,,
15:10,0,0,0,10.7,,
15:20,0,0,0,10.7,,
15:30,0.05,0,0,10.3,,
15:40,0.05,0,0,9.44,,
15:50,0,0,0,9.44,,
16:00,0,0,0,9.44,,
16:10,0,0,0,9.44,,
16:20,0,0,0,10.8,,
16:30,0,0,0,9.44,,
16:40,0,0,0,9.44,,
16:50,0,0,0,9.44,,
17:00,0,0,0,9.44,,
17:10,0,0,0,9.44,,
17:20,0,0,0,9.44,,
17:30,0,0,0,9.44,,
17:40,0,0,0,9.44,,
17:50,0,0,0,9.44,,
18:00,0,0,0,9.44,,
18:10,0,0,0,9.44,,
18:20,0,0,0,9.44,,
18:30,0,0,0,11.7,,
18:40,0,0,0,12.3,,
18:50,0,0,0,9.44,,
19:00,0,0,0,9.44,,
19:10,0,0,0,9.44,,
19:20,0,0,0,9.44,,
19:30,0,0,0,9.44,,
19:40,0,0,0,9.44,,
19:50,0,0,0,10.6,,
20:00,0,0,0,9.44,,
20:10,0,0,0,9.44,,
20:20,0.1,0,0,9.44,,
20:30,0.1,0,0,9.44,,
20:40,0,0,0,9.44,,
20:50,0,0,0,9.44,,
21:00,0,0,0,9.44,,
21:10,0,0,0,9.44,,
21:20,0,0,0,9.44,,
21:30,0,0,0,9.44,,
21:40,0,0,0,9.44,,
21:50,0,0,0,9.44,,
22:00,0,0,0,9.44,,
22:10,0,0,0,9.44,,
22:20,0,0,0,9.44,,
22:30,0,0,0,9.44,,
22:40,0,0,0,9.44,,
22:50,0,0,0,14.3,,
23:00,0,0,0,14.8,,
23:10,0,0,0,9.44,,
23:20,0,0,0,9.44,,
23:30,0,0,0,16.6,,
23:40,0,0,0,9.44,,
23:50,0,9,0,16.4,,
00:00,0,0,0,7.89,,
00:10,0,0,0,7.89,,
00:20,0,0,0,17,,
00:30,0,0,0,16.5,,
00:40,0,0,0,7.89,,
00:50,0,0,0,7.89,,
01:00,0,0,0,12.2,,
01:10,0,0,0,10.4,,
01:20,0,0,16,9.9,,
01:30,0,0,0,9.7,,
01:40,0,0,0,8.5,,
01:50,0,0,0,7.8,,
02:00,0,0,0,7.9,,
02:10,0,0,0,8.2,,
02:20,0,0,0,7.89,,
02:30,0,0,0,7.89,,
02:40,0,0,0,7.89,,
02:50,0,0,0,7.89,,
03:00,0,0,0,8.9,,
03:10,0,0,0,7.89,,
03:20,0,0,0,8.8,,
03:30,0,0,0,7.89,,
03:40,0,0,0,7.3,,
03:50,0,0,0,7.2,,
04:00,0,0,0,7.89,,
04:10,0,0,0,7.2,,
04:20,0,0,0,7.89,,
04:30,0,0,0,7.89,,
04:40,0,0,0,7.89,,
04:50,0,0,0,7.89,,
05:00,0,0,0,7.89,,
05:10,0,0,0,7.89,,
05:20,0,0,0,7.89,,
05:30,0,0,0,7.89,,
05:40,0,0,0,7.89,,
05:50,0,0,0,5.8,,
06:00,0,0,0,7.89,,
06:10,0,0,0,7.89,,
06:20,0,0,0,7.89,,
06:30,0,0,0,7.89,,
06:40,0,0,0,7.89,,
06:50,0,0,0,7.89,,
07:00,0,0,0,7.89,,
07:10,0,0,0,6.3,,
07:20,0,0,0,7.89,,
07:30,0,0,0,7.89,,
07:40,0,0,0,7.89,,
07:50,0,0,0,7.89,,
08:00,0,0,0,7.89,,
08:10,0,0,0,6.6,,
08:20,0,0,0,7.89,,
08:30,0,0,0,7.89,,
08:40,0,0,0,7.89,,
08:50,0,0,0,7.4,,
09:00,0,0,0,7.89,,
09:10,0,0,0,7.89,,
09:20,0,0,0,7.89,,
09:30,0,0,0,7.6,,
09:40,0,0,0,7.7,,
09:50,0,0,0,7.89,,
10:00,0,0,0,7.89,,
10:10,0,0,0,7.9,,
10:20,0,0,0,7.89,,
10:30,0.1,8,0,8.1,,
10:40,0.1,0,0,7.89,,
10:50,0,0,0,7.89,,
11:00,0,0,0,7.89,,
11:10,0,0,0,7.3,,
11:20,0,0,0,7.89,,
11:30,0,0,0,8.6,,
11:40,0,0,0,7.89,,
11:50,0,0,0,7.89,,
12:00,0,0,0,10.4,,
12:10,0,0,0,10.9,,
12:20,0,0,0,11,,
12:30,0,0,0,7.89,,
12:40,0,0,0,11.4,,
12:50,0,0,0,7.89,,
13:00,0,0,0,7.89,,
13:10,0,0,0,7.89,,
13:20,0,0,0,8.2,,
13:30,0,0,0,7.89,,
13:40,0,0,0,7.89,,
13:50,0,0,0,7.89,,
14:00,0,0,0,7.89,,
14:10,0,0,0,7.89,,
14:20,0,0,0,7.89,,
14:30,0,0,0,9.1,,
14:40,0,0,0,8.8,,
14:50,0,0,0,8.6,,
15:00,0,12,0,8.7,,
15:10,0.1,0,0,8.2,,
15:20,0.1,0,0,7.89,,
15:30,0,0,0,6.6,,
15:40,0,0,0,6.8,,
15:50,0,0,0,6.9,,
16:00,0,0,0,7.4,,
16:10,0,0,0,7.6,,
16:20,0,0,0,7.89,,
16:30,0,0,0,7.89,,
16:40,0,0,0,7.89,,
16:50,0,0,0,7.89,,
17:00,0,0,0,7.89,,
17:10,0,0,0,7.89,,
17:20,0,0,0,7.89,,
17:30,0,0,0,3.6,,
17:40,0,0,0,7.89,,
17:50,0,0,0,7.89,,
18:00,0,0,0,7.89,,
18:10,0,0,0,7.89,,
18:20,0,0,0,4.8,,
18:30,0,0,0,4.7,,
18:40,0,0,0,7.89,,
18:50,0,0,0,7.89,,
19:00,0,0,0,6.2,,
19:10,0,0,0,7.89,,
19:20,0,0,0,7.7,,
19:30,0,0,0,8.3,,
19:40,0,0,0,7.89,,
19:50,0,0,0,8.7,,
20:00,0,0,0,7.89,,
20:10,0.1,10,0,8.1,,
20:20,0.075,0,0,7.89,,
20:30,0,0,0,7.89,,
20:40,0,0,0,8.4,,
20:50,0,0,0,7.89,,
21:00,0,0,0,7.8,,
21:10,0,0,0,7.89,,
21:20,0,0,0,7.89,,
21:30,0,0,0,6,,
21:40,0,0,0,4.5,,
21:50,0,0,0,4.3,,
22:00,0,0,0,7.89,,
22:10,0,0,0,4,,
22:20,0,0,0,4.1,,
22:30,0,0,0,4.1,,
22:40,0,0,0,4.5,,
22:50,0,0,0,5.6,,
23:00,0,0,0,7.89,,
23:10,0,0,0,7.89,,
23:20,0,0,0,7.89,,
23:30,0,0,0,8.5,,
23:40,0,0,0,7.89,,
23:50,0,0,0,7.89,,
00:00,0,0,0,6.68,,
00:10,0,0,0,6.68,,
00:20,0,0,0,6.68,,
00:30,0,0,12,6.6,,
00:40,0,0,0,6.4,,
00:50,0,0,0,6.68,,
01:00,0,0,0,6.68,,
01:10,0,0,0,6.68,,
01:20,0,0,0,6.68,,
01:30,0,0,0,6.68,,
01:40,0,0,0,6.68,,
01:50,0,0,0,6.68,,
02:00,0,0,0,6.68,,
02:10,0,0,0,6.68,,
02:20,0,0,0,6.68,,
02:30,0,0,0,6.68,,
02:40,0,0,0,6.68,,
02:50,0,0,0,6.68,,
03:00,0,0,0,6.68,,
03:10,0,0,0,6.68,,
03:20,0,0,0,6.68,,
03:30,0,0,0,6.68,,
03:40,0,0,0,6.68,,
03:50,0,0,0,6.68,,
04:00,0,0,0,6.68,,
04:10,0,0,0,6.68,,
04:20,0,0,0,6.68,,
04:30,0,0,0,6.68,,
04:40,0,0,0,6.68,,
04:50,0,0,0,6.68,,
05:00,0,0,0,6.68,,
05:10,0,0,0,6.68,,
05:20,0,0,0,6.68,,
05:30,0,0,0,6.68,,
05:40,0,0,0,6.68,,
05:50,0,0,0,6.68,,
06:00,0,0,0,5.8,,
06:10,0,0,0,6.68,,
06:20,0,0,0,5.9,,
06:30,0,0,0,6.68,,
06:40,0,0,0,6.68,,
06:50,0,0,0,6.5,,
07:00,0,0,0,6.68,,
07:10,0,0,0,6.68,,
07:20,0,0,0,6.1,,
07:30,0,0,0,6.68,,
07:40,0,0,0,6.68,,
07:50,0,0,0,6.68,,
08:00,0,0,0,6.68,,
08:10,0,0,0,6.68,,
08:20,0,0,0,6.68,,
08:30,0,0,0,6.68,,
08:40,0,0,0,6.68,,
08:50,0,0,0,8.2,,
09:00,0,0,0,6.68,,
09:10,0,0,0,7.2,,
09:20,0,0,0,7.6,,
09:30,0.1,0,0,6.68,,
09:40,0,0,0,6.9,,
09:50,0,0,0,6.68,,
10:00,0,0,0,6.68,,
10:10,0,0,0,6.68,,
10:20,0.1,0,0,8.3,,
10:30,0,6,0,8.2,,
10:40,0,0,0,6.68,,
10:50,0,0,0,8.3,,
11:00,0,0,0,6.68,,
11:10,0,0,0,6.68,,
11:20,0,0,0,10.7,,
11:30,0,0,0,6.68,,
11:40,0,0,0,6.68,,
11:50,0,0,0,6.68,,
12:00,0,0,0,6.68,,
12:10,0,0,0,6.68,,
12:20,0,0,0,6.68,,
12:30,0,0,0,8.8,,
12:40,0,0,0,8.4,,
12:50,0,0,0,8.6,,
13:00,0,0,0,8.9,,
13:10,0,0,0,6.68,,
13:20,0,0,0,8.3,,
13:30,0,0,0,6.68,,
13:40,0,0,0,6.68,,
13:50,0,0,0,6.68,,
14:00,0,0,0,6.6,,
14:10,0,0,0,6.68,,
14:20,0,0,0,5.9,,
14:30,0,11,0,6.68,,
14:40,0.1,0,0,6.68,,
14:50,0.1,0,0,6.68,,
15:00,0,0,0,5.3,,
15:10,0,0,0,6.68,,
15:20,0,0,0,6.68,,
15:30,0,0,0,6.68,,
15:40,0,0,0,6.68,,
15:50,0,0,0,6.68,,
16:00,0,0,0,6.68,,
16:10,0,0,0,6.68,,
16:20,0,0,0,8.8,,
16:30,0,0,0,8.4,,
16:40,0,0,0,6.68,,
16:50,0,0,0,6.68,,
17:00,0,0,0,6.68,,
17:10,0,0,0,4.6,,
17:20,0,0,0,6.68,,
17:30,0,0,0,4.7,,
17:40,0,0,0,6.68,,
17:50,0,0,0,6.68,,
18:00,0,0,0,6.68,,
18:10,0,0,0,6.68,,
18:20,0,0,0,6.68,,
18:30,0,0,0,6.68,,
18:40,0,0,0,6.4,,
18:50,0,0,0,6.68,,
19:00,0,0,0,5.9,,
19:10,0,0,0,6.68,,
19:20,0,0,0,6.68,,
19:30,0,0,0,6.68,,
19:40,0,0,0,6.68,,
19:50,0,0,0,6.4,,
20:00,0,0,0,7.1,,
20:10,0,0,0,6.68,,
20:20,0,0,0,6.68,,
20:30,0.1,10,0,6.1,,
20:40,0.1,0,0,6.68,,
20:50,0,0,0,6.68,,
21:00,0,0,0,6.68,,
21:10,0,0,0,4.7,,
21:20,0,0,0,4.6,,
21:30,0,0,0,6.68,,
21:40,0,0,0,6.68,,
21:50,0,0,0,7.6,,
22:00,0,0,0,7.1,,
22:10,0,0,0,5.9,,
22:20,0,0,0,6.68,,
22:30,0,0,0,6.68,,
22:40,0,0,0,4.2,,
22:50,0,0,0,3.5,,
23:00,0,0,0,3.3,,
23:10,0,0,0,6.68,,
23:20,0,0,0,6.68,,
23:30,0,0,0,6.68,,
23:40,0,0,0,4.4,,
23:50,0,0,0,6.68,,
00:00,0,0,0,7.97,,
00:10,0,0,0,5.3,,
00:20,0,0,0,7.97,,
00:30,0,0,0,7.97,,
00:40,0,0,16,6.2,,
00:50,0,0,0,5.6,,
01:00,0,0,0,5.5,,
01:10,0,0,0,7.97,,
01:20,0,0,0,7.97,,
01:30,0,0,0,7.97,,
01:40,0,0,0,5.7,,
01:50,0,0,0,7.97,,
02:00,0,0,0,7.97,,
02:10,0,0,0,7.97,,
02:20,0,0,0,7.97,,
02:30,0,0,0,7.97,,
02:40,0,0,0,7.97,,
02:50,0,0,0,7.97,,
03:00,0,0,0,7.97,,
03:10,0,0,0,7.97,,
03:20,0,0,0,7.97,,
03:30,0,0,0,7.97,,
03:40,0,0,0,7.97,,
03:50,0,0,0,7.97,,
04:00,0,0,0,7.97,,
04:10,0,0,0,7.97,,
04:20,0,0,0,7.97,,
04:30,0,0,0,7.97,,
04:40,0,0,0,7.97,,
04:50,0,0,0,7.97,,
05:00,0,0,0,7.97,,
05:10,0,0,0,7.97,,
05:20,0,0,0,7.97,,
05:30,0,0,0,7.97,,
05:40,0,0,0,7.97,,
05:50,0,0,0,7.97,,
06:00,0,0,0,7.97,,
06:10,0,0,0,7.97,,
06:20,0,0,0,7.97,,
06:30,0,0,0,7.97,,
06:40,0,0,0,7.97,,
06:50,0,0,0,7.97,,
07:00,0,0,0,7.97,,
07:10,0,0,0,7.97,,
07:20,0,0,0,7.97,,
07:30,0,0,0,7.97,,
07:40,0,0,0,7.97,,
07:50,0,0,0,7.97,,
08:00,0,0,0,7.97,,
08:10,0,0,0,5.7,,
08:20,0,0,0,7.97,,
08:30,0,0,0,5.2,,
08:40,0,0,0,7.97,,
08:50,0,0,0,7.97,,
09:00,0,0,0,7.97,,
09:10,0,0,0,7.97,,
09:20,0,0,0,7.97,,
09:30,0,0,0,5.4,,
09:40,0,0,0,7.97,,
09:50,0,0,0,7.97,,
10:00,0,0,0,7.97,,
10:10,0,0,0,7.97,,
10:20,0,0,0,7.97,,
10:30,0,0,0,5.4,,
10:40,0.1,6,0,6,,
10:50,0,0,0,6.5,,
11:00,0,0,0,6.5,,
11:10,0,0,0,7.97,,
11:20,0,0,0,6.7,,
11:30,0,0,0,7.97,,
11:40,0,0,0,7.97,,
11:50,0,0,0,7.97,,
12:00,0,0,0,7.97,,
12:10,0,0,0,7.97,,
12:20,0,0,0,9.1,,
12:30,0,0,0,7.97,,
12:40,0,0,0,9.7,,
12:50,0,0,0,9.5,,
13:00,0,0,0,7.97,,
13:10,0,0,0,7.97,,
13:20,0,0,0,8.7,,
13:30,0,0,0,7.97,,
13:40,0.1,10,0,9.2,,
13:50,0.1,0,0,7.97,,
14:00,0,0,0,7.97,,
14:10,0,0,0,8.1,,
14:20,0,0,0,8.6,,
14:30,0,0,0,7.97,,
14:40,0,0,0,7.97,,
14:50,0,0,0,7.97,,
15:00,0,0,0,7.97,,
15:10,0,0,0,7.97,,
15:20,0,0,0,7.97,,
15:30,0,0,0,8.3,,
15:40,0,0,0,7,,
15:50,0,0,0,6.8,,
16:00,0,0,0,7.97,,
16:10,0,0,0,7.97,,
16:20,0,0,0,7.97,,
16:30,0,0,0,7.97,,
16:40,0,0,0,6.8,,
16:50,0,0,0,7.97,,
17:00,0,0,0,7.97,,
17:10,0,0,0,9,,
17:20,0,0,0,7.97,,
17:30,0,0,0,9.1,,
17:40,0,0,0,8.3,,
17:50,0,0,0,7.97,,
18:00,0,0,0,7.97,,
18:10,0,0,0,7.4,,
18:20,0,0,0,7.97,,
18:30,0,0,0,6.9,,
18:40,0,0,0,7.97,,
18:50,0,0,0,6.3,,
19:00,0,0,0,7.97,,
19:10,0,0,0,5.9,,
19:20,0,0,0,5.4,,
19:30,0,0,0,7.97,,
19:40,0,0,0,7.97,,
19:50,0,0,0,7.97,,
20:00,0,0,0,7.97,,
20:10,0,0,0,7.97,,
20:20,0,0,0,7.97,,
20:30,0.1,0,0,7.97,,
20:40,0.1,0,0,7.97,,
20:50,0,0,0,7.97,,
21:00,0,0,0,4.1,,
21:10,0,0,0,7.97,,
21:20,0,0,0,5.7,,
21:30,0,0,0,7.97,,
21:40,0,0,0,7.97,,
21:50,0,0,0,7.97,,
22:00,0,0,0,10.8,,
22:10,0,0,0,7.97,,
22:20,0,0,0,7.97,,
22:30,0,0,0,12.2,,
22:40,0,0,0,13.2,,
22:50,0,0,0,7.97,,
23:00,0,10,0,13.7,,
23:10,0,0,0,7.97,,
23:20,0,0,0,13.7,,
23:30,0,0,0,14,,
23:40,0,0,0,7.97,,
23:50,0,0,0,13.6,,
00:00,0,0,0,9.43,,
00:10,0,0,0,9.43,,
00:20,0,0,0,9.43,,
00:30,0,0,0,9.43,,
00:40,0,0,0,9.43,,
00:50,0,0,0,9.43,,
01:00,0,0,0,9.43,,
01:10,0,0,0,11.9,,
01:20,0,0,0,9.43,,
01:30,0,0,16,10.8,,
01:40,0,0,0,9.43,,
01:50,0,0,0,9.6,,
02:00,0,0,0,9.43,,
02:10,0,0,0,9.43,,
02:20,0,0,0,9.43,,
02:30,0,0,0,9.43,,
02:40,0,0,0,9.43,,
02:50,0,0,0,8.1,,
03:00,0,0,0,9.43,,
03:10,0,0,0,9.43,,
03:20,0,0,0,9.43,,
03:30,0,0,0,9.43,,
03:40,0,0,0,9.43,,
03:50,0,0,0,9.43,,
04:00,0,0,0,9.43,,
04:10,0,0,0,9.43,,
04:20,0,0,0,9.43,,
04:30,0,0,0,9.43,,
04:40,0,0,0,9.43,,
04:50,0,0,0,9.43,,
05:00,0,0,0,9.43,,
05:10,0,0,0,9.43,,
05:20,0,0,0,9.43,,
05:30,0,0,0,9.43,,
05:40,0,0,0,9.43,,
05:50,0,0,0,9.43,,
06:00,0,0,0,9.43,,
06:10,0,0,0,9.43,,
06:20,0,0,0,9.43,,
06:30,0,0,0,9.43,,
06:40,0,0,0,9.43,,
06:50,0,0,0,9.43,,
07:00,0,0,0,9.43,,
07:10,0,0,0,9.43,,
07:20,0,0,0,9.43,,
07:30,0,0,0,9.43,,
07:40,0,0,0,9.43,,
07:50,0,0,0,9.43,,
08:00,0,0,0,9.43,,
08:10,0,0,0,9.43,,
08:20,0,0,0,5.6,,
08:30,0,0,0,9.43,,
08:40,0,0,0,9.43,,
08:50,0,0,0,9.43,,
09:00,0,0,0,9.43,,
09:10,0,0,0,9.43,,
09:20,0,0,0,9.43,,
09:30,0.1,0,0,9.43,,
09:40,0.1,0,0,9.43,,
09:50,0,0,0,9.43,,
10:00,0,0,0,9.43,,
10:10,0,0,0,9.43,,
10:20,0,0,0,9.43,,
10:30,0,0,0,9.43,,
10:40,0,0,0,9.43,,
10:50,0,0,0,9.43,,
11:00,0,0,0,9.43,,
11:10,0,0,0,9.43,,
11:20,0,0,0,9.43,,
11:30,0,0,0,9.43,,
11:40,0,0,0,9.43,,
11:50,0,0,0,9.43,,
12:00,0,0,0,9.43,,
12:10,0,0,0,9.43,,
12:20,0,0,0,9.43,,
12:30,0,0,0,9.43,,
12:40,0,0,0,9.43,,
12:50,0,0,0,9.43,,
13:00,0,0,0,9.43,,
13:10,0,0,0,9.43,,
13:20,0,0,0,9.43,,
13:30,0,0,0,9.43,,
13:40,0,0,0,9.43,,
13:50,0,0,0,9.43,,
14:00,0,0,0,9.43,,
14:10,0,0,0,9.43,,
14:20,0,0,0,9.43,,
14:30,0,0,0,9.43,,
14:40,0,0,0,9.43,,
14:50,0,0,0,9.43,,
15:00,0,0,0,9.43,,
15:10,0,0,0,9.43,,
15:20,0,0,0,9.43,,
15:30,0,0,0,9.43,,
15:40,0,0,0,9.43,,
15:50,0,0,0,9.43,,
16:00,0,0,0,9.43,,
16:10,0,0,0,9.43,,
16:20,0,0,0,14.7,,
16:30,0,8,0,13.4,,
16:40,0,0,0,9.43,,
16:50,0,0,0,9.43,,
17:00,0,0,0,9.43,,
17:10,0,0,0,9.43,,
17:20,0,0,0,9.43,,
17:30,0,0,0,10.1,,
17:40,0,0,0,9.1,,
17:50,0,0,0,9.43,,
18:00,0,0,0,7.2,,
18:10,0,0,0,9.43,,
18:20,0,0,0,9.43,,
18:30,0,0,0,9.43,,
18:40,0,0,0,9.43,,
18:50,0,0,0,9.43,,
19:00,0,0,0,9.43,,
19:10,0,0,0,3.5,,
19:20,0.1,0,0,9.43,,
19:30,0.1,0,0,3.1,,
19:40,0,0,0,9.43,,
19:50,0,0,0,9.43,,
20:00,0,0,0,9.43,,
20:10,0,0,0,4.8,,
20:20,0,0,0,9.43,,
20:30,0,8,0,8.2,,
20:40,0,0,0,9.3,,
20:50,0,0,0,9.43,,
21:00,0,0,0,9.7,,
21:10,0,0,0,10.5,,
21:20,0,0,0,9.43,,
21:30,0,0,0,10.3,,
21:40,0,0,0,10.1,,
21:50,0,0,0,9.43,,
22:00,0,0,0,9.43,,
22:10,0,0,0,9.43,,
22:20,0,0,0,9.43,,
22:30,0,0,0,9.5,,
22:40,0,0,0,10.6,,
22:50,0,0,16,10.8,,
23:00,0,0,0,10.7,,
23:10,0,0,0,9.43,,
23:20,0,2,0,11.6,,
23:30,0,0,0,12.5,,
23:40,0,0,0,9.43,,
23:50,0,0,0,9.43,,
00:00,0,0,0,10.7,,
00:10,0,0,0,7.92,,
00:20,0,0,0,7.92,,
00:30,0,0,0,7.92,,
00:40,0,0,0,7.92,,
00:50,0,0,0,7.92,,
01:00,0,0,0,7.92,,
01:10,0,0,0,7.92,,
01:20,0,0,0,7.92,,
01:30,0,0,0,7.92,,
01:40,0,0,0,7.92,,
01:50,0,0,0,7.92,,
02:00,0,0,0,7.92,,
02:10,0,0,0,7.92,,
02:20,0,0,0,7.92,,
02:30,0,0,0,7.92,,
02:40,0,0,0,7.92,,
02:50,0,0,0,7.92,,
03:00,0,0,0,7.92,,
03:10,0,0,0,7.92,,
03:20,0,0,0,7.92,,
03:30,0,0,0,7.92,,
03:40,0,0,0,7.92,,
03:50,0,0,0,7.92,,
04:00,0,0,0,7.92,,
04:10,0,0,0,7.92,,
04:20,0,0,0,7.92,,
04:30,0,0,0,7.92,,
04:40,0,0,0,7.92,,
04:50,0,0,0,7.3,,
05:00,0,0,0,7.92,,
05:10,0,0,0,7.92,,
05:20,0,0,0,7.92,,
05:30,0,0,0,7.92,,
05:40,0,0,0,7.92,,
05:50,0,0,0,7.92,,
06:00,0,0,0,7.92,,
06:10,0,0,0,7.92,,
06:20,0,0,0,7.92,,
06:30,0,0,0,7.92,,
06:40,0,0,0,7.6,,
06:50,0,0,0,7.92,,
07:00,0,0,0,7.92,,
07:10,0,0,0,7.92,,
07:20,0,0,0,7.92,,
07:30,0,0,0,7.92,,
07:40,0,0,0,8.3,,
07:50,0,0,0,7.92,,
08:00,0,0,0,7.92,,
08:10,0,0,0,7.92,,
08:20,0,0,0,7.92,,
08:30,0,0,0,7.92,,
08:40,0,0,0,7.92,,
08:50,0,0,0,8.5,,
09:00,0,0,0,7.92,,
09:10,0,0,0,7.92,,
09:20,0,0,0,8.2,,
09:30,0.1,6,0,8.2,,
09:40,0,0,0,7.92,,
09:50,0,0,0,7.92,,
10:00,0,0,0,7.92,,
10:10,0,0,0,7.92,,
10:20,0,0,0,7.92,,
10:30,0,0,0,7.92,,
10:40,0,0,0,9.3,,
10:50,0,0,0,7.92,,
11:00,0,0,0,8.4,,
11:10,0,0,0,7.92,,
11:20,0,0,0,7.92,,
11:30,0,0,0,9.4,,
11:40,0,0,0,7.92,,
11:50,0,0,0,7.92,,
12:00,0,0,0,7.1,,
12:10,0,0,0,7.92,,
12:20,0,0,0,7.92,,
12:30,0,0,0,7.92,,
12:40,0,0,0,7.92,,
12:50,0,0,0,5.5,,
13:00,0,0,0,5.7,,
13:10,0,0,0,7.92,,
13:20,0,0,0,7.92,,
13:30,0,0,0,5.1,,
13:40,0.1,10,0,5.1,,
13:50,0.1,0,0,7.92,,
14:00,0,0,0,4.1,,
14:10,0,0,0,7.92,,
14:20,0,0,0,7.92,,
14:30,0,0,0,6.3,,
14:40,0,0,0,6.7,,
14:50,0,0,0,7.92,,
15:00,0,0,0,7.92,,
15:10,0,0,0,7.92,,
15:20,0,0,0,7.92,,
15:30,0,0,0,7.92,,
15:40,0,0,0,7.92,,
15:50,0,0,0,7.92,,
16:00,0,0,0,7.92,,
16:10,0,0,0,7.92,,
16:20,0,0,0,7.92,,
16:30,0.2,0,0,2.6,,
16:40,0,0,0,2.8,,
16:50,0,0,0,3.1,,
17:00,0,0,0,5.9,,
17:10,0,0,0,6.8,,
17:20,0,0,0,7.7,,
17:30,0,0,0,7.92,,
17:40,0,0,0,7.92,,
17:50,0,0,0,7.92,,
18:00,0,0,0,7.92,,
18:10,0,0,0,7.92,,
18:20,0,0,0,7.92,,
18:30,0,0,0,10.1,,
18:40,0,0,0,7.92,,
18:50,0,0,0,7.92,,
19:00,0,0,0,8.9,,
19:10,0,0,0,7.92,,
19:20,0,0,0,9.9,,
19:30,0,0,0,7.92,,
19:40,0,0,0,9.7,,
19:50,0,0,0,9.3,,
20:00,0,0,0,7.92,,
20:10,0,0,0,7.92,,
20:20,0,0,0,7.92,,
20:30,0.1,9,0,8.4,,
20:40,0.1,0,0,7.92,,
20:50,0,0,0,7.92,,
21:00,0,0,0,8.2,,
21:10,0,0,0,8.3,,
21:20,0,0,0,9.4,,
21:30,0,0,0,10.2,,
21:40,0,0,0,10.3,,
21:50,0,0,0,10.4,,
22:00,0,0,0,10.4,,
22:10,0,0,0,7.92,,
22:20,0,0,0,7.92,,
22:30,0,0,0,8.1,,
22:40,0,0,0,7.92,,
22:50,0,0,0,7.92,,
23:00,0,0,0,7.92,,
23:10,0,0,0,9.9,,
23:20,0,0,0,7.92,,
23:30,0.05,0,0,9.9,,
23:40,0,2,16,10.5,,
23:50,0,0,0,10.4,,
00:00,0,0,0,7.71,,
00:10,0,0,0,7.71,,
00:20,0,0,0,7.71,,
00:30,0,0,0,7.71,,
00:40,0,0,0,7.71,,
00:50,0,0,0,7.71,,
01:00,0,0,0,7.71,,
01:10,0,0,0,7.71,,
01:20,0,0,0,7.71,,
01:30,0,0,0,7.71,,
01:40,0,0,0,7.71,,
01:50,0,0,0,7.71,,
02:00,0,0,0,7.71,,
02:10,0,0,0,7.71,,
02:20,0,0,0,7.71,,
02:30,0,0,0,7.71,,
02:40,0,0,0,7.71,,
02:50,0,0,0,7.71,,
03:00,0,0,0,7.71,,
03:10,0,0,0,7.71,,
03:20,0,0,0,7.71,,
03:30,0,0,0,7.71,,
03:40,0,0,0,7.71,,
03:50,0,0,0,7.71,,
04:00,0,0,0,7.71,,
04:10,0,0,0,7.71,,
04:20,0,0,0,7.71,,
04:30,0,0,0,7.71,,
04:40,0,0,0,6.1,,
04:50,0,0,0,7.71,,
05:00,0,0,0,7.71,,
05:10,0,0,0,7.71,,
05:20,0,0,0,6.1,,
05:30,0,0,0,7.71,,
05:40,0,0,0,7.71,,
05:50,0,0,0,7.71,,
06:00,0,0,0,7.71,,
06:10,0,0,0,7.71,,
06:20,0,0,0,6.9,,
06:30,0,0,0,7.71,,
06:40,0,0,0,6.9,,
06:50,0,0,0,7.71,,
07:00,0,0,0,7.71,,
07:10,0,0,0,7.71,,
07:20,0,0,0,7.71,,
07:30,0,0,0,7.71,,
07:40,0,0,0,7.71,,
07:50,0,0,0,7.71,,
08:00,0,0,0,7.71,,
08:10,0,0,0,6.7,,
08:20,0,0,0,6.8,,
08:30,0,0,0,7.71,,
08:40,0,0,0,7.71,,
08:50,0,0,0,6.7,,
09:00,0,0,0,7.71,,
09:10,0,0,0,7.71,,
09:20,0,0,0,7.71,,
09:30,0,0,0,7.71,,
09:40,0,0,0,7.71,,
09:50,0,0,0,7.71,,
10:00,0,0,0,7.71,,
10:10,0,0,0,7.71,,
10:20,0,0,0,7.1,,
10:30,0,0,0,7.71,,
10:40,0,0,0,7.71,,
10:50,0,0,0,7.71,,
11:00,0,0,0,7.71,,
11:10,0,0,0,7.71,,
11:20,0.075,7,0,7.2,,
11:30,0.075,0,0,7.71,,
11:40,0,0,0,7.1,,
11:50,0,0,0,6.8,,
12:00,0,0,0,7.71,,
12:10,0,0,0,7.71,,
12:20,0,0,0,7.71,,
12:30,0,0,0,7.71,,
12:40,0,0,0,4,,
12:50,0,0,0,7.71,,
13:00,0,0,0,7.71,,
13:10,0,0,0,6.8,,
13:20,0,0,0,7.71,,
13:30,0,0,0,7.71,,
13:40,0,0,0,8.1,,
13:50,0,0,0,8.3,,
14:00,0,0,0,7.71,,
14:10,0,0,0,9,,
14:20,0.1,8,0,8.8,,
14:30,0.1,0,0,7.71,,
14:40,0,0,0,7.9,,
14:50,0,0,0,7.71,,
15:00,0,0,0,8.4,,
15:10,0,0,0,7.71,,
15:20,0,0,0,7.71,,
15:30,0,0,0,7.71,,
15:40,0,0,0,4.9,,
15:50,0,0,0,7.71,,
16:00,0,0,0,7.71,,
16:10,0,0,0,7.71,,
16:20,0,0,0,7.71,,
16:30,0,0,0,7.71,,
16:40,0,0,0,7.71,,
16:50,0,0,0,7.71,,
17:00,0,0,0,7.71,,
17:10,0,0,0,3.6,,
17:20,0.075,0,0,3.4,,
17:30,0,0,0,7.71,,
17:40,0,0,0,3.6,,
17:50,0,0,0,5.7,,
18:00,0,0,0,6.9,,
18:10,0,0,0,7.1,,
18:20,0,0,0,7,,
18:30,0,0,0,7.71,,
18:40,0,0,0,7.71,,
18:50,0,0,0,7.71,,
19:00,0,0,0,11.6,,
19:10,0,0,0,12.1,,
19:20,0,0,0,7.71,,
19:30,0,0,0,7.71,,
19:40,0,0,0,7.71,,
19:50,0,0,0,7.71,,
20:00,0,0,0,7.71,,
20:10,0,0,0,7.71,,
20:20,0,0,0,7.71,,
20:30,0,0,0,13.2,,
20:40,0,0,0,7.71,,
20:50,0,0,0,11.6,,
21:00,0,0,0,7.71,,
21:10,0,0,0,7.71,,
21:20,0,0,0,7.71,,
21:30,0,0,0,7.71,,
21:40,0,0,0,7.71,,
21:50,0,0,0,10.8,,
22:00,0,0,0,7.71,,
22:10,0,0,0,7.71,,
22:20,0,0,0,9.3,,
22:30,0,0,0,9.4,,
22:40,0.1,9,0,8.7,,
22:50,0.1,0,0,7.71,,
23:00,0,0,0,7.71,,
23:10,0,0,0,8.1,,
23:20,0,0,0,7.71,,
23:30,0,0,0,9.2,,
23:40,0,0,0,9.4,,
23:50,0,0,16,9.4,,
00:00,0,0,0,6.87,,
00:10,0,0,0,6.87,,
00:20,0,0,0,6.87,,
00:30,0,0,0,6.87,,
00:40,0,0,0,4.9,,
00:50,0,0,0,6.87,,
01:00,0,0,0,6.87,,
01:10,0,0,0,6.87,,
01:20,0,0,0,6.87,,
01:30,0,0,0,6.87,,
01:40,0,0,0,6.87,,
01:50,0,0,0,6.87,,
02:00,0,0,0,6.87,,
02:10,0,0,0,6.87,,
02:20,0,0,0,6.87,,
02:30,0,0,0,6.87,,
02:40,0,0,0,6.87,,
02:50,0,0,0,6.87,,
03:00,0,0,0,6.87,,
03:10,0,0,0,6.87,,
03:20,0,0,0,6.87,,
03:30,0,0,0,6.87,,
03:40,0,0,0,6.87,,
03:50,0,0,0,6.87,,
04:00,0,0,0,6.87,,
04:10,0,0,0,6.87,,
04:20,0,0,0,6.87,,
04:30,0,0,0,6.87,,
04:40,0,0,0,4.9,,
04:50,0,0,0,5.4,,
05:00,0,0,0,4.6,,
05:10,0,0,0,6.87,,
05:20,0,0,0,5.4,,
05:30,0,0,0,6.87,,
05:40,0,0,0,5.2,,
05:50,0,0,0,6.87,,
06:00,0,0,0,6.87,,
06:10,0,0,0,6.87,,
06:20,0,0,0,6.87,,
06:30,0,0,0,6.3,,
06:40,0,0,0,6.4,,
06:50,0,0,0,6.87,,
07:00,0,0,0,5.6,,
07:10,0,0,0,6.87,,
07:20,0,0,0,5.7,,
07:30,0,0,0,6.87,,
07:40,0,0,0,6.87,,
07:50,0,0,0,6.87,,
08:00,0,0,0,5.4,,
08:10,0,0,0,5.3,,
08:20,0,0,0,6.87,,
08:30,0,0,0,6.87,,
08:40,0,0,0,6.87,,
08:50,0,0,0,6.87,,
09:00,0,0,0,6.87,,
09:10,0,0,0,6.87,,
09:20,0,0,0,5.1,,
09:30,0,0,0,6.87,,
09:40,0,0,0,5.2,,
09:50,0.1,5,0,5.1,,
10:00,0,0,0,6.87,,
10:10,0,0,0,6.87,,
10:20,0,0,0,6.87,,
10:30,0,0,0,6.87,,
10:40,0,0,0,6.87,,
10:50,0,0,0,6.87,,
11:00,0,0,0,6.87,,
11:10,0,0,0,6.87,,
11:20,0,0,0,6.87,,
11:30,0,0,0,6.87,,
11:40,0,0,0,6.87,,
11:50,0,0,0,6.87,,
12:00,0,0,0,7.1,,
12:10,0,0,0,9.6,,
12:20,0,0,0,6.87,,
12:30,0,0,0,6.87,,
12:40,0,0,0,6.87,,
12:50,0,0,0,6.87,,
13:00,0,0,0,7.8,,
13:10,0,0,0,6.87,,
13:20,0,0,0,6.87,,
13:30,0,0,0,7.8,,
13:40,0,0,0,6.87,,
13:50,0,0,0,6.87,,
14:00,0,0,0,7.7,,
14:10,0,0,0,7.4,,
14:20,0,0,0,6.87,,
14:30,0.1,9,0,7.3,,
14:40,0.1,0,0,6.87,,
14:50,0,0,0,6.87,,
15:00,0,0,0,6.87,,
15:10,0,0,0,6.7,,
15:20,0,0,0,6.6,,
15:30,0,0,0,6.87,,
15:40,0,0,0,8.1,,
15:50,0,0,0,6.87,,
16:00,0,0,0,6.87,,
16:10,0,0,0,6.87,,
16:20,0,0,0,6.87,,
16:30,0,0,0,6.87,,
16:40,0,0,0,6.87,,
16:50,0,0,0,6.87,,
17:00,0,0,0,6.87,,
17:10,0,0,0,4.7,,
17:20,0,0,0,3.9,,
17:30,0.05,0,0,3.6,,
17:40,0,0,0,6.87,,
17:50,0,0,0,3.8,,
18:00,0,0,0,6.87,,
18:10,0,0,0,5.3,,
18:20,0,0,0,6.87,,
18:30,0,0,0,6.87,,
18:40,0,0,0,7.8,,
18:50,0,0,0,6.87,,
19:00,0,0,0,6.87,,
19:10,0,0,0,8.1,,
19:20,0,0,0,6.87,,
19:30,0,0,0,7.9,,
19:40,0,0,0,6.87,,
19:50,0,0,0,6.87,,
20:00,0,0,0,6.87,,
20:10,0,0,0,6.87,,
20:20,0,0,0,6.87,,
20:30,0,0,0,6.87,,
20:40,0.075,9,0,6.9,,
20:50,0.075,0,0,6.87,,
21:00,0,0,0,6.8,,
21:10,0,0,0,6.9,,
21:20,0,0,0,8.4,,
21:30,0,0,0,9.8,,
21:40,0,0,0,10,,
21:50,0,0,0,10.3,,
22:00,0,0,0,10.6,,
22:10,0,0,0,10.3,,
22:20,0,0,0,9,,
22:30,0,0,0,8.1,,
22:40,0,0,0,7.7,,
22:50,0,0,0,6.87,,
23:00,0,0,0,7.1,,
23:10,0,0,0,6.6,,
23:20,0,0,0,6.8,,
23:30,0,0,16,7.3,,
23:40,0,0,0,7.7,,
23:50,0,0,0,8.4,,
00:00,0,0,0,9,,
00:10,0,0,0,8.8,,
00:20,0,0,0,7.95,,
00:30,0,0,0,7.95,,
00:40,0,0,0,7.95,,
00:50,0,0,0,7.95,,
01:00,0,0,0,7.95,,
01:10,0,0,0,7.95,,
01:20,0,0,0,7.95,,
01:30,0,0,0,7.95,,
01:40,0,0,0,7.95,,
01:50,0,0,0,7.95,,
02:00,0,0,0,7.95,,
02:10,0,0,0,7.95,,
02:20,0,0,0,7.95,,
02:30,0,0,0,7.95,,
02:40,0,0,0,7.95,,
02:50,0,0,0,7.95,,
03:00,0,0,0,7.95,,
03:10,0,0,0,7.95,,
03:20,0,0,0,7.95,,
03:30,0,0,0,7.95,,
03:40,0,0,0,7.95,,
03:50,0,0,0,7.95,,
04:00,0,0,0,7.95,,
04:10,0,0,0,7.95,,
04:20,0,0,0,7.95,,
04:30,0,0,0,7.95,,
04:40,0,0,0,6,,
04:50,0,0,0,7.95,,
05:00,0,0,0,5.8,,
05:10,0,0,0,7.95,,
05:20,0,0,0,7.95,,
05:30,0,0,0,7.95,,
05:40,0,0,0,5.2,,
05:50,0,0,0,7.95,,
06:00,0,0,0,7.95,,
06:10,0,0,0,7.95,,
06:20,0,0,0,7.95,,
06:30,0,0,0,5.9,,
06:40,0,0,0,6.1,,
06:50,0,0,0,7.95,,
07:00,0,0,0,7.95,,
07:10,0,0,0,7.95,,
07:20,0,0,0,5.6,,
07:30,0,0,0,5.4,,
07:40,0,0,0,5.3,,
07:50,0,0,0,5.2,,
08:00,0,0,0,7.95,,
08:10,0,0,0,7.95,,
08:20,0,0,0,7.95,,
08:30,0,0,0,7.95,,
08:40,0,0,0,6.4,,
08:50,0,0,0,7.95,,
09:00,0,0,0,7.95,,
09:10,0,0,0,5.6,,
09:20,0,0,0,7.95,,
09:30,0.1,5,0,5.7,,
09:40,0,0,0,7.95,,
09:50,0,0,0,5.4,,
10:00,0,0,0,5.9,,
10:10,0,0,0,7.2,,
10:20,0,0,0,7.95,,
10:30,0,0,0,7.95,,
10:40,0,0,0,7.95,,
10:50,0,0,0,7.95,,
11:00,0,0,0,8.7,,
11:10,0,0,0,7.95,,
11:20,0,0,0,6.8,,
11:30,0,0,0,7.95,,
11:40,0,0,0,7.95,,
11:50,0,0,0,7.95,,
12:00,0,0,0,7.95,,
12:10,0,0,0,7.95,,
12:20,0,0,0,7.95,,
12:30,0,0,0,7.95,,
12:40,0,0,0,7.95,,
12:50,0,0,0,7.95,,
13:00,0,0,0,7.95,,
13:10,0,0,0,7.95,,
13:20,0.1,0,0,7.95,,
13:30,0.1,0,0,7.95,,
13:40,0.1,0,0,7.95,,
13:50,0,0,0,7.95,,
14:00,0,0,0,7.95,,
14:10,0,0,0,7.95,,
14:20,0,0,0,7.95,,
14:30,0,0,0,7.95,,
14:40,0,0,0,7.95,,
14:50,0,0,0,7.95,,
15:00,0,0,0,7.95,,
15:10,0,0,0,7.95,,
15:20,0,0,0,7.95,,
15:30,0,0,0,7.95,,
15:40,0,0,0,7.95,,
15:50,0,0,0,7.95,,
16:00,0,0,0,15.9,,
16:10,0,0,0,7.95,,
16:20,0,0,0,7.95,,
16:30,0,0,0,7.95,,
16:40,0,0,0,7.95,,
16:50,0,0,0,7.95,,
17:00,0,0,0,7.95,,
17:10,0,0,0,7.95,,
17:20,0,0,0,7.95,,
17:30,0,0,0,7.95,,
17:40,0,0,0,14.7,,
17:50,0,0,0,7.95,,
18:00,0,0,0,7.95,,
18:10,0,7,0,12.7,,
18:20,0,0,0,13.1,,
18:30,0.1,0,0,13.3,,
18:40,0,0,0,13.3,,
18:50,0,0,0,12.5,,
19:00,0,0,0,7.95,,
19:10,0,0,0,12.6,,
19:20,0,0,0,11.4,,
19:30,0,0,0,7.95,,
19:40,0,0,0,7.95,,
19:50,0,0,0,7.95,,
20:00,0,0,0,7.95,,
20:10,0,0,0,9.5,,
20:20,0.1,8,0,8.7,,
20:30,0,0,0,7.95,,
20:40,0,0,0,7.8,,
20:50,0,0,0,7.2,,
21:00,0,0,0,6.6,,
21:10,0.1,0,0,5.6,,
21:20,0,0,0,5.4,,
21:30,0,0,0,7.95,,
21:40,0,0,0,5.6,,
21:50,0,0,0,7.95,,
22:00,0,0,0,7.95,,
22:10,0,0,0,5.2,,
22:20,0,0,0,5.3,,
22:30,0,0,0,7.95,,
22:40,0,0,0,5.2,,
22:50,0,0,0,7.95,,
23:00,0,0,0,7.95,,
23:10,0,0,0,7.95,,
23:20,0,0,0,7.95,,
23:30,0,0,0,7.95,,
23:40,0,0,0,7.95,,
23:50,0,0,0,6.2,,
00:00,0,0,0,5.85,,
00:10,0,0,0,5.85,,
00:20,0,0,14,6.2,,
00:30,0,0,0,6.2,,
00:40,0,0,0,6.2,,
00:50,0,0,0,5.5,,
01:00,0,0,0,5.6,,
01:10,0,0,0,5.5,,
01:20,0,0,0,5.85,,
01:30,0,0,0,5.85,,
01:40,0,0,0,5.85,,
01:50,0,0,0,5.4,,
02:00,0,0,0,5.85,,
02:10,0,0,0,5.85,,
02:20,0,0,0,5.85,,
02:30,0,0,0,5.85,,
02:40,0,0,0,5.2,,
02:50,0,0,0,5.85,,
03:00,0,0,0,5.85,,
03:10,0,0,0,5.85,,
03:20,0,0,0,5.85,,
03:30,0,0,0,5.85,,
03:40,0,0,0,5.85,,
03:50,0,0,0,5.85,,
04:00,0,0,0,5.85,,
04:10,0,0,0,5.85,,
04:20,0,0,0,5.85,,
04:30,0,0,0,5.85,,
04:40,0,0,0,5.85,,
04:50,0,0,0,5.2,,
05:00,0,0,0,5.85,,
05:10,0,0,0,5.85,,
05:20,0,0,0,5.85,,
05:30,0,0,0,5.85,,
05:40,0,0,0,5.85,,
05:50,0,0,0,5.6,,
06:00,0,0,0,5.85,,
06:10,0,0,0,5.85,,
06:20,0,0,0,5.85,,
06:30,0,0,0,6,,
06:40,0,0,0,6.3,,
06:50,0,0,0,5.85,,
07:00,0,0,0,5.85,,
07:10,0,0,0,5.85,,
07:20,0,0,0,5.85,,
07:30,0,0,0,6.7,,
07:40,0,0,0,5.85,,
07:50,0,0,0,5.85,,
08:00,0,0,0,5.85,,
08:10,0,0,0,6.7,,
08:20,0,0,0,5.85,,
08:30,0,0,0,7,,
08:40,0,0,0,5.85,,
08:50,0,0,0,6.8,,
09:00,0,0,0,5.85,,
09:10,0,0,0,5.85,,
09:20,0.1,5,0,7.3,,
09:30,0,0,0,5.85,,
09:40,0,0,0,7.2,,
09:50,0,0,0,5.85,,
10:00,0,0,0,8.4,,
10:10,0,0,0,5.85,,
10:20,0,0,0,5.85,,
10:30,0,0,0,5.85,,
10:40,0,0,0,7.1,,
10:50,0,0,0,5.85,,
11:00,0,0,0,5.85,,
11:10,0,0,0,5.85,,
11:20,0,0,0,5.85,,
11:30,0,0,0,7.7,,
11:40,0,0,0,7.6,,
11:50,0,0,0,6.5,,
12:00,0,0,0,5.85,,
12:10,0,0,0,5.2,,
12:20,0,0,0,5.85,,
12:30,0,0,0,4.9,,
12:40,0,0,0,4.9,,
12:50,0,0,0,5.85,,
13:00,0,0,0,4.5,,
13:10,0,0,0,4.7,,
13:20,0,9,0,4.5,,
13:30,0.1,0,0,5.85,,
13:40,0.1,0,0,5.85,,
13:50,0,0,0,3.9,,
14:00,0.05,0,0,3.8,,
14:10,0,0,0,3.5,,
14:20,0,0,0,3.7,,
14:30,0,0,0,5.85,,
14:40,0,0,0,5.85,,
14:50,0,0,0,4.2,,
15:00,0,0,0,5.85,,
15:10,0,0,0,3.5,,
15:20,0,0,0,3.6,,
15:30,0,0,0,3.6,,
15:40,0,0,0,3.8,,
15:50,0,0,0,3.6,,
16:00,0,0,0,4,,
16:10,0,0,0,4.8,,
16:20,0,0,0,5.5,,
16:30,0,0,0,5.4,,
16:40,0,0,0,5.7,,
16:50,0,0,0,5.85,,
17:00,0,0,0,6.2,,
17:10,0,0,0,6.5,,
17:20,0,0,0,6.5,,
17:30,0,0,0,6.4,,
17:40,0,0,0,6.2,,
17:50,0,0,0,5.85,,
18:00,0,0,0,6.4,,
18:10,0,0,0,6.2,,
18:20,0,0,0,5.85,,
18:30,0,0,0,5.85,,
18:40,0,0,0,5.85,,
18:50,0,0,0,5.85,,
19:00,0,0,0,5.85,,
19:10,0,0,0,5.85,,
19:20,0,0,0,5.9,,
19:30,0,0,0,5.85,,
19:40,0,0,0,5.85,,
19:50,0,0,0,5.85,,
20:00,0,0,0,5.8,,
20:10,0,0,0,5.2,,
20:20,0.1,9,0,5.85,,
20:30,0.1,0,0,5.85,,
20:40,0,0,0,5.85,,
20:50,0,0,0,4.3,,
21:00,0,0,0,4,,
21:10,0,0,0,4.7,,
21:20,0,0,0,4.9,,
21:30,0,0,0,5.2,,
21:40,0,0,0,6,,
21:50,0,0,0,6.2,,
22:00,0,0,0,6.6,,
22:10,0,0,0,5.85,,
22:20,0,0,0,6.9,,
22:30,0,0,0,6.9,,
22:40,0,0,0,6.6,,
22:50,0,0,0,5.85,,
23:00,0,0,0,7.3,,
23:10,0,0,0,8.1,,
23:20,0,0,0,9,,
23:30,0,0,16,9.6,,
23:40,0,0,0,9.8,,
23:50,0,0,0,9.1,,
00:00,0,0,0,5.85,,
00:10,0,0,0,9.1,,
00:20,0,0,0,9.1,,
00:30,0,0,0,9.2,,
00:40,0,0,0,9.8,,
00:50,0,0,0,9.01,,
01:00,0,0,0,9.01,,
01:10,0,0,0,9.01,,
01:20,0,0,0,9.01,,
01:30,0,0,0,9.01,,
01:40,0,0,0,9.01,,
01:50,0,0,0,9.01,,
02:00,0,0,0,9.01,,
02:10,0,0,0,9.01,,
02:20,0,0,0,9.01,,
02:30,0,0,0,9.01,,
02:40,0,0,0,9.01,,
02:50,0,0,0,9.01,,
03:00,0,0,0,9.01,,
03:10,0,0,0,9.01,,
03:20,0,0,0,9.01,,
03:30,0,0,0,9.01,,
03:40,0,0,0,9.01,,
03:50,0,0,0,9.01,,
04:00,0,0,0,9.01,,
04:10,0,0,0,9.01,,
04:20,0,0,0,9.01,,
04:30,0,0,0,9.01,,
04:40,0,0,0,7.6,,
04:50,0,0,0,9.01,,
05:00,0,0,0,9.01,,
05:10,0,0,0,9.01,,
05:20,0,0,0,9.01,,
05:30,0,0,0,7.7,,
05:40,0,0,0,8.3,,
05:50,0,0,0,9.01,,
06:00,0,0,0,8.4,,
06:10,0,0,0,9.01,,
06:20,0,0,0,7.9,,
06:30,0,0,0,8,,
06:40,0,0,0,9.01,,
06:50,0,0,0,9.01,,
07:00,0,0,0,9.01,,
07:10,0,0,0,8.3,,
07:20,0,0,0,8.3,,
07:30,0,0,0,9.01,,
07:40,0,0,0,9.01,,
07:50,0,0,0,9.01,,
08:00,0,0,0,7.5,,
08:10,0,0,0,7.8,,
08:20,0,0,0,9.01,,
08:30,0,0,0,9.01,,
08:40,0,0,0,7.7,,
08:50,0,0,0,9.01,,
09:00,0,0,0,8.2,,
09:10,0,0,0,9.01,,
09:20,0,0,0,9.01,,
09:30,0.1,6,0,7.9,,
09:40,0.1,0,0,9.01,,
09:50,0,0,0,9.01,,
10:00,0,0,0,9.01,,
10:10,0,0,0,6.5,,
10:20,0,0,0,6.8,,
10:30,0,0,0,9.01,,
10:40,0,0,0,9.01,,
10:50,0,0,0,9.01,,
11:00,0,0,0,9.01,,
11:10,0,0,0,9.01,,
11:20,0,0,0,9.01,,
11:30,0,0,0,9.01,,
11:40,0,0,0,9.01,,
11:50,0,0,0,9.01,,
12:00,0,0,0,9.01,,
12:10,0,0,0,7.6,,
12:20,0,0,0,7.6,,
12:30,0,0,0,8,,
12:40,0,0,0,7.8,,
12:50,0,0,0,8.3,,
13:00,0,0,0,9.01,,
13:10,0,0,0,9.01,,
13:20,0,0,0,9.01,,
13:30,0,10,0,10.8,,
13:40,0.1,0,0,9.01,,
13:50,0.1,0,0,9.01,,
14:00,0,0,0,9.01,,
14:10,0,0,0,8,,
14:20,0,0,0,9.01,,
14:30,0,0,0,9.01,,
14:40,0,0,0,6.2,,
14:50,0,0,0,6.3,,
15:00,0,0,0,9.01,,
15:10,0,0,0,9.01,,
15:20,0,0,0,5.9,,
15:30,0,0,0,5,,
15:40,0,0,0,9.01,,
15:50,0,0,0,9.01,,
16:00,0,0,0,9.01,,
16:10,0,0,0,9.01,,
16:20,0,0,0,9.01,,
16:30,0,0,0,9.01,,
16:40,0,0,0,9.01,,
16:50,0,0,0,9.01,,
17:00,0,0,0,9.01,,
17:10,0,0,0,9.01,,
17:20,0,0,0,9.01,,
17:30,0,0,0,9.01,,
17:40,0,0,0,9.01,,
17:50,0,0,0,9.01,,
18:00,0,0,0,8.1,,
18:10,0,0,0,8.2,,
18:20,0,0,0,9.2,,
18:30,0,0,0,9.01,,
18:40,0,0,0,10.8,,
18:50,0,0,0,11.6,,
19:00,0,0,0,9.01,,
19:10,0,0,0,11.8,,
19:20,0,0,0,9.01,,
19:30,0,0,0,9.01,,
19:40,0,0,0,13.7,,
19:50,0,0,0,13.4,,
20:00,0,0,0,13.4,,
20:10,0,0,0,9.01,,
20:20,0,0,0,12.8,,
20:30,0,0,0,12.9,,
20:40,0,0,0,13.3,,
20:50,0,0,0,9.01,,
21:00,0,0,0,9.01,,
21:10,0,0,0,9.01,,
21:20,0,0,0,11.8,,
21:30,0.1,12,0,11.8,,
21:40,0.1,0,0,9.01,,
21:50,0,0,0,11.2,,
22:00,0,0,0,9.01,,
22:10,0,0,0,10.5,,
22:20,0,0,0,9.01,,
22:30,0,0,0,9.8,,
22:40,0,0,0,9.01,,
22:50,0,0,0,9.01,,
23:00,0,0,0,6.6,,
23:10,0,0,0,6.8,,
23:20,0,0,0,7.4,,
23:30,0,0,0,9.01,,
23:40,0,0,0,9.01,,
23:50,0,0,0,9.01,,
00:00,0,0,0,9.01,,
00:10,0,0,0,5.1,,
00:20,0,0,16,5.2,,
00:30,0,0,0,5.8,,
